evidence_id,paper_id,paper_title,year,candidate_id,matrix_rows,claim_category,classification,section,subsection,equation,figure,appendix,page,short_quote,paraphrase,assumptions,scope,relation_to_stage7,does_not_establish,source_version,source_url
A-01,thanasilp2024,Exponential concentration in quantum kernel methods,2024,F-A,1,Exponential concentration of measured quantities (definition),EXPLICIT,Results,Why exponential concentration is problematic,"(9), (10), (11)",—,SI Eqs. (18)–(19) restate it,4,—,"A quantity X(α) measured as an expectation value is deterministically exponentially concentrated if |X(α) − μ| ≤ β ∈ O(1/bⁿ) for all α, and probabilistically concentrated if Pr_α[|X(α) − μ| ≥ δ] ≤ β/δ² with β ∈ O(1/bⁿ), b > 1. By Chebyshev, an exponentially small Var_α[X(α)] suffices. For kernels, α = {x, x′} and X = κ(x, x′).",X(α) is the expectation of an observable; α drawn from a stated distribution.,General definition; applied to fidelity and projected quantum kernels.,"Stage 7's fidelity F and gradient g over θ ~ U[−π, π]ⁿ concentrate in this sense (Stage 3 verified Var_θ[∂_k C] = (1/8)(3/8)^(n−1)).","Anything about finite-shot parameter-shift gradient estimators, readout-dependent shot exponents, or zero/sign statistics.","Published version (Nat. Commun. 15, 5200; online 2024-06-18)",https://doi.org/10.1038/s41467-024-49287-w
A-02,thanasilp2024,Exponential concentration in quantum kernel methods,2024,F-A,1,Exponential concentration of the fidelity kernel (expressive / near-2-design embeddings),EXPLICIT,Results,Sources of exponential concentration — 1. Expressivity-induced concentration,(17)–(22),Fig. 6,SI Note IV (proof),6–7,—,"Kernel values concentrate around their mean with a bound G_n(ε_U)/δ² set by an expressivity measure ε_U. For the fidelity kernel, G_n includes β_Haar = 1/(2^(n−1)(2ⁿ+1)). Close to a 2-design the kernel exponentially concentrates (fidelity-kernel mean 1/2ⁿ) and exponentially many shots are needed.","x, x′ drawn from the same distribution (relaxed in SI Note IV A); pure input states.",Data-embedding ensembles; Haar / 2-design limit.,Background. The Stage 7 landscape is a product (non-2-design) landscape (see A-03).,"Product-landscape typical (log-mean) values, finite-shot gradient statistics, readout comparison.","Published version (Nat. Commun. 15, 5200; online 2024-06-18)",https://doi.org/10.1038/s41467-024-49287-w
A-03,thanasilp2024,Exponential concentration in quantum kernel methods,2024,F-A; CTX,"1, 27",Concentration of the fidelity between tensor-product single-qubit-rotation states,EXPLICIT,Results,Sources of exponential concentration — 3. Global-measurement-induced concentration,"(26); SI (207)–(216), esp. SI (213), (214), (216)",Fig. 7,SI Note VI (proof),8–9 (main; Fig. 7 on p. 9); SI 35,—,"Setting: fidelity kernel, product embedding U(x) = ⊗_k U_k(x_k) of single-qubit y-axis rotations, components independent and uniform on [−π, π], input |0⟩^⊗n. Result: Pr[|κ − 1/2ⁿ| ≥ δ] ≤ (3/8)ⁿ/δ². The proof shows E[κ²] = (3/8)ⁿ (per-qubit factor 3/8, SI Eq. 214) and E[κ] = 1/2ⁿ (SI Eq. 216). Fig. 7 confirms the exponential variance decay numerically for single layers of R_x, R_y and H·R_z.","U_k(x_k) = e^(−i x_k Y) (SI); x_k iid uniform on [−π, π]; product input state.","The fidelity value between two encoded product states (a kernel), not a cost gradient; y-axis rotations only (U_k = e^(−i x_k Y)). The same single-qubit overlap law (cos² of a uniform angle) also holds for x-axis rotations acting on |0⟩ (our observation, not stated in the source) but not for z-axis rotations (overlap ≡ 1). The third case in Fig. 7 is Hadamard followed by R_z.","The per-qubit factor is cos² of a uniformly distributed angle. For the R_x circuit of Stage 3–7 the same law holds (our observation): cos²(θ_j/2), θ_j ~ U[−π, π], has mean 1/2 and second moment 3/8. The Stage 7 fidelity landscape therefore belongs to this concentrating family. Stage 5/7 additionally used E[log cos²(θ/2)] = −2 log 2 (log-typical A = 4^(−(n−1))), which this proposition does not state.","The gradient variance (1/8)(3/8)^(n−1) (Stage 3; Cerezo et al. 2021), log-typical values, shifted fidelities F±, or any finite-shot quantity.","Published version (Nat. Commun. 15, 5200) + Supplementary Information (MOESM1)",https://doi.org/10.1038/s41467-024-49287-w
A-04,thanasilp2024,Exponential concentration in quantum kernel methods,2024,F-A,1,Fidelity-kernel concentration for arbitrary local (product) unitaries,EXPLICIT,SI Note VI,A. Extension to arbitrary local unitaries,SI (217)–(228),—,SI Note VI A,SI 36–37,—,"For a general product embedding of independent local unitaries, the fidelity kernel concentrates with bound ∏_k G₁^(k)(ε_k)/δ², where G₁^(k) = 1/3 + ε_k(ε_k + √(4/3)). For fully random single-qubit unitaries this bound is 1/3ⁿ.","Independent components; product initial state; x and x′ drawn from the same distribution (used in the proof, SI p. 37).",Fidelity kernel; product embeddings.,Background generalisation of A-03.,Any finite-shot or gradient-level statement.,Supplementary Information (MOESM1) to the published version,https://doi.org/10.1038/s41467-024-49287-w
A-05,thanasilp2024,Exponential concentration in quantum kernel methods,2024,F-B,2,Loschmidt (overlap-test) fidelity estimates collapse to zero,EXPLICIT,Results,Why exponential concentration is problematic,"(12), (13)","Fig. 1 (caption), Fig. 2",SI Supplemental Proposition 2 (full version),4 (Fig. 1 on p. 2; Fig. 2 on p. 5),—,"In the Loschmidt Echo test, the kernel is the probability of the all-zero bitstring, with outcome 1 for all-zero and 0 otherwise. If the kernel concentrates to an exponentially small μ, the chance of never seeing all-zero in N shots is (1 − μ)^N ≈ 1 − Nμ, so it is likely that the statistical estimate is zero. Proposition 1: with N ∈ O(poly(n)) shots and a training set of size N_s, the estimated Gram matrix equals the identity with probability ≥ 1 − δ′, δ′ ∈ O(c^(−n)).",Kernel exponentially concentrates to an exponentially small μ (Def. 1); N ∈ O(poly(n)); independent shots; N_s ∈ O(poly(n)) for the Gram-matrix statement (SI pp. 7–8).,Fidelity-kernel estimates (one estimate per data pair).,Same outcome model as Stage 7's Loschmidt readout (Bernoulli(F) per shot). Stage 7 §18 lists the fidelity-level zero estimate as a replication of prior work.,"The zero probability of a parameter-shift gradient (a difference of two shifted estimates), the equal-nonzero-count (tie) contribution, or sign statistics.","Published version (Nat. Commun. 15, 5200; online 2024-06-18)",https://doi.org/10.1038/s41467-024-49287-w
A-06a,thanasilp2024,Exponential concentration in quantum kernel methods,2024,F-B,2,Exact single-estimate Loschmidt zero probability (fidelity level),EXPLICIT,SI Note III,A. Fidelity quantum kernel — 1. Loschmidt Echo test,"SI (20), (21); proof SI (26)–(32)",—,SI Note III A 1,SI 7–8,—,"With polynomially many shots, the Loschmidt estimate of the fidelity kernel is zero with probability ≥ 1 − δ, δ ∈ O(c^(−n)). The proof writes P(κ̂ = 0) as an integral of the exact conditional probability (1 − s)^N over the kernel-value distribution, then lower-bounds it by (1 − N(μ + β^(1/4)))(1 − √β).","Probabilistic exponential concentration with μ ∈ O(1/b′ⁿ), β ∈ O(1/bⁿ); N ∈ O(poly(n)).",A single fidelity (kernel) estimate.,The conditional factor (1 − s)^N is the exact zero probability of one Loschmidt fidelity estimate. Stage 7 §18 reports P(F̂ = 0) = (1 − F)^M at the fidelity level.,Gradient-level P(ĝ = 0) (see A-06b).,Supplementary Information (MOESM1) to the published version,https://doi.org/10.1038/s41467-024-49287-w
A-06b,thanasilp2024,Exponential concentration in quantum kernel methods,2024,C1,9,Gradient-level exact zero probability P(ĝ = 0),PARTIAL / RELATED,SI Note III,A. Fidelity quantum kernel — 1. Loschmidt Echo test,SI (26)–(27),—,SI Note III A 1,SI 7,—,"Only the zero probability of a single fidelity estimate is derived, P(κ̂ = 0 | κ = s) = (1 − s)^N. No parameter-shift difference of two estimates is considered anywhere in the paper.",As A-06a.,"Fidelity level, not gradient level.","Stage 5/7 gradient-level law: P(ĝ = 0) = Σ_r Bin(r; M, F₊) Bin(r; M, F₋). Its r = 0 term, (1 − F₊)^M (1 − F₋)^M, is a product of two factors of the source's form. The r ≥ 1 equal-count terms have no counterpart in the source. Algebra in B5_MATH_COMPARISON §6.1.","The difference-of-binomials law, the tie (r ≥ 1) mass, the Poisson-limit e^(−MA) I₀(MA|cos θ_k|) form, or any statement about gradients.",Supplementary Information (MOESM1) to the published version,https://doi.org/10.1038/s41467-024-49287-w
A-07,thanasilp2024,Exponential concentration in quantum kernel methods,2024,C4,19,Joint probability that a whole collection of Loschmidt estimates is exactly zero,PARTIAL / RELATED,SI Note III,A. Fidelity quantum kernel — 1. Loschmidt Echo test (second half of the proof of Supp. Prop. 2),SI (33)–(36),—,SI Note III A 1,SI 8,—,"Kernel estimates for different data pairs are independent. So the probability that every off-diagonal Gram entry is estimated as exactly zero (K̂ = 𝟙) is the product of per-entry zero probabilities, bounded below by (1 − δ)^(N_s(N_s − 1)/2) ≥ 1 − N_s(N_s − 1)δ/2.",Independent estimates per pair; per-entry concentration.,"Gram matrix of kernel values, not a gradient vector.","Structurally the same as Stage 5 §10 and Stage 7 §14 (full-gradient zero probability = ∏_k P₀ under independent batches). The source applies it to kernel matrices, not gradient vectors.","The full-gradient-vector zero probability, its values at the Stage 7 settings, or the conditional alignment of nonzero vectors.",Supplementary Information (MOESM1) to the published version,https://doi.org/10.1038/s41467-024-49287-w
A-08,thanasilp2024,Exponential concentration in quantum kernel methods,2024,F-C,3,SWAP-test fidelity estimates become data-independent random variables,EXPLICIT,Results,Why exponential concentration is problematic,"(14); SI (46)–(49), SI (54)","Fig. 1 (caption), Fig. 2; SI Fig. 3","SI Note III A 2 (Supplemental Lemma 3, Supplemental Corollary 2)","4 (main; Fig. 1 on p. 2, Fig. 2 on p. 5); SI 9–13",—,"SWAP-test outcomes are +1 with probability p₊ = 1/2 + κ/2 and −1 otherwise, so the kernel is a perturbation of the uniform distribution. With polynomially many shots, each estimate is, with probability exponentially close to 1 over input pairs, statistically indistinguishable from κ̂^(rand) = (1/N) Σ λ̃_m with λ̃_m = ±1 equiprobable. For a polynomial-size training set the estimated Gram matrix is indistinguishable from a data-independent random matrix.","Exponential concentration to an exponentially small μ; N ∈ O(poly(n)); statements hold with probability ≥ 1 − δ_κ over input pairs; N_s ∈ O(poly(n)) for the Gram-matrix and model statements (SI Supp. Cors. 1–2, union bound SI Eqs. 59–61); statistical indistinguishability defined at success probability ≤ 0.51 (SI Def. 2).",Fidelity-kernel estimates.,Same outcome model as Stage 7's SWAP readout (q = (1+F)/2). Stage 7 §18 lists the data-independent SWAP fidelity estimate as a replication of prior work.,"A gradient-level SWAP estimator, its zero/tie probability (central binomial), its sign statistics, or its shot exponent.","Published version (Nat. Commun. 15, 5200) + Supplementary Information (MOESM1)",https://doi.org/10.1038/s41467-024-49287-w
A-08b,thanasilp2024,Exponential concentration in quantum kernel methods,2024,F-D,4,Different estimator variances for Loschmidt vs SWAP,PARTIAL / RELATED,Results; SI Note III A,Why exponential concentration is problematic; SI III A 1–2,"(12), (14); SI (17), (46), (47)",SI Fig. 1,SI Note III A,"4; SI 5–6, 9",—,"Both tests are written as empirical means of single-shot outcomes. Loschmidt: outcome 1/0 with P(1) = κ. SWAP: ±1 with P(+1) = (1+κ)/2. The two outcome distributions are fully specified, but the per-shot estimator variances (κ(1 − κ) and 1 − κ²) are not written down or compared.",—,Fidelity-kernel level.,"The variances follow from these outcome models in one line (B5_MATH_COMPARISON §2.3, §3.3). Paper B states them explicitly (B-10a).","The variance expressions themselves, or any consequence of their difference for shot exponents.",Published version + Supplementary Information (MOESM1),https://doi.org/10.1038/s41467-024-49287-w
A-09a,thanasilp2024,Exponential concentration in quantum kernel methods,2024,F-B; F-C; C3,14a,Same-objective Loschmidt vs SWAP comparison at the fidelity/kernel-estimate level,EXPLICIT,Introduction; Results,Why exponential concentration is problematic,"(15), (16)","Fig. 1, Fig. 2, Fig. 3",SI Supplemental Corollaries 1–2,"2 (Fig. 1); 5 (Corollary 1, Figs. 2–3)",—,"For the same kernels and data, the two readouts behave differently. Loschmidt gives an identity estimated Gram matrix and zero predictions on unseen data. SWAP gives a random matrix and predictions that fluctuate around zero. Fig. 3 shows this numerically for an engineered 40-qubit dataset (tensor-product encoding, N = 1000 shots per kernel value, 10 repetitions), comparing training with exact kernels, LE estimates, SWAP estimates and a random matrix.",Kernel concentration; polynomial shots; kernel ridge regression; statements hold with probability exponentially close to 1; N_s ∈ O(poly(n)).,Kernel estimates and downstream kernel-ridge-regression models; no parameter-shift gradients.,"A same-objective, two-readout comparison exists here at the kernel (fidelity) level. Stage 7's comparison is at the parameter-shift-gradient level on a paired θ grid.","Gradient-level comparison, shot-exponent comparison, zero/sign probabilities.","Published version (Nat. Commun. 15, 5200; online 2024-06-18)",https://doi.org/10.1038/s41467-024-49287-w
A-09b,thanasilp2024,Exponential concentration in quantum kernel methods,2024,C4,25,Signal-free control,PARTIAL / RELATED,Results,Why exponential concentration is problematic,—,"Fig. 3 (legend entry ""random""); SI Fig. 6 (projected kernel analogue)",SI Note III B 2,5–6; SI 19,—,"Fig. 3 includes a model trained on a random matrix whose off-diagonal entries are data-independent random variables. With SWAP estimates, the relative test loss follows that random-matrix control.",As A-09a.,Kernel-model generalisation; not an optimisation trajectory.,"A signal-free control exists, applied to a trained kernel model rather than to a gradient-descent trajectory with matched starts.","A random-walk optimisation control, matched-start trajectories, or alignment metrics.",Published version + Supplementary Information (MOESM1),https://doi.org/10.1038/s41467-024-49287-w
A-10a,thanasilp2024,Exponential concentration in quantum kernel methods,2024,C3; F-E,"5, 14a",Numerical same-kernel comparison of the two readouts and the shot burden,EXPLICIT,SI Note III,A. Fidelity quantum kernel — 3. Numerical simulation,—,"SI Supplementary Fig. 4 (a) Loschmidt Echo, (b) SWAP",SI Note III A 3,SI 13–14,"""exponentially many measurement shots are required i.e., N ∈ Ω(2ⁿ)""","Setup: N_s = 25 inputs with components uniform on [0, 2π], tensor product of single-qubit R_y encodings, n = 5–40, shots per kernel value up to ~2×10⁶. Loschmidt: the fraction of zero estimates falls with N, and a fixed non-zero fraction (~0.75) needs N ∈ Ω(2ⁿ). At 30 and 40 qubits every estimate is zero even at 2×10⁶ shots. SWAP: the fraction of estimates passing a binomial test against the uniform distribution (p < 0.01) needs N to grow at least exponentially. Vertical lines mark 2ⁿ.",Product-R_y encoding with uniform data; independent shots; binomial test at p < 0.01.,Kernel (fidelity) estimates; numerical; no fitted exponents.,"Closest located analogue of Stage 5–7's per-θ shot requirements, on the same product-rotation fidelity family, but at the fidelity (not gradient) level and with different success metrics.","Gradient-level shot requirements, a fitted exponent for either readout, or a comparison of the two exponents.",Supplementary Information (MOESM1) to the published version,https://doi.org/10.1038/s41467-024-49287-w
A-10b,thanasilp2024,Exponential concentration in quantum kernel methods,2024,C3,"15, 16",Shot-complexity exponent for each readout,PARTIAL / RELATED,SI Note III,A. Fidelity quantum kernel — 3. Numerical simulation,—,SI Supplementary Fig. 4,SI Note III A 3,SI 14,—,"For Loschmidt, the source states N ∈ Ω(2ⁿ) is needed for a fixed non-zero fraction, a lower-bound statement at the kernel level based on numerics. For SWAP it states ""at least exponentially"". Neither exponent is fitted and the two are not compared.",As A-10a.,Kernel (fidelity) level; numerical.,"Stage 5/7 report per-θ median requirements at the gradient level: ≈4ⁿ for LE (log-typical A = 4^(−(n−1))) and ≈16ⁿ for SWAP. The SI Fig. 4 caption ties the 2ⁿ vertical lines to the Hilbert-space dimension. Elsewhere the source gives the mean fidelity kernel 2^(−n) for this family (Prop. 3). Reading 2ⁿ as an arithmetic-mean scale, as opposed to Stage 5's log-typical 4^(−(n−1)), is ours. Ω(2ⁿ) is a lower bound and does not contradict ≈4ⁿ.","Exponent values, the 4ⁿ vs 16ⁿ pair, gradient-level results.",Supplementary Information (MOESM1) to the published version,https://doi.org/10.1038/s41467-024-49287-w
A-11,thanasilp2024,Exponential concentration in quantum kernel methods,2024,F-F,6,Outcome-distribution hypothesis testing / statistical indistinguishability as the finite-shot object,EXPLICIT,SI Note II; SI Note III A 2,A. One sample; B. Many samples; SWAP test,"SI (1), (9), (14), (15), (48)",SI Fig. 2,SI Notes II–III,"SI 2–4, 10, 12",—,"One-sample success probability ≤ 1/2 + ‖P − Q‖₁/4. N-sample product bound ‖P^⊗N − Q^⊗N‖₁ ≤ N‖P − Q‖₁. For binary P₀ = (p₀, 1 − p₀) vs P_ε = (p₀ + ε, 1 − p₀ − ε), success ≤ 1/2 + N|ε|/2. Statistical indistinguishability is defined as success ≤ 0.51 (distributions, Def. 2) and extended to any map of the samples (outputs, Def. 3).",Independent samples; equal priors.,Binary outcome distributions (kernel tests); 1-norm (total-variation) bounds.,"Stage 7 §15 notes that per-shot total variation is ∝ A for both readouts (SWAP's is exactly half of Loschmidt's), whereas squared Hellinger scales as A (LE) vs A² (SWAP). A 1-norm-based bound of this form gives the same 1/A threshold for both readouts (B5_MATH_COMPARISON §6.4).",Hellinger/variance-based sample complexity or a readout-dependent exponent.,Supplementary Information (MOESM1) to the published version,https://doi.org/10.1038/s41467-024-49287-w
A-12a,thanasilp2024,Exponential concentration in quantum kernel methods,2024,F-E,5,Exponential shot count sufficient for resolving concentrated quantities,EXPLICIT,SI Note III,D. Sufficient condition to resolve kernel values,SI (142)–(150),—,SI Note III D,SI 28–29,"""exponential scaling in measurement shots is indeed required""","With relative error ε̃ = ε/√Var_α[X], Hoeffding's inequality makes N ≥ 2‖O‖²_∞ log(2/p)/(ε̃² Var_α[X]) shots sufficient. Under exponential concentration this scales as Ω(b^(2n)/ε̃²), assuming ‖O‖_∞ ∈ O(1). For a full Gram matrix it is Ω(N_s² b^(2n)/ε̃²). The source presents these counts as requirements (SI p. 28; Cor. 5 ""the number of measurement shots N required""), although the argument is a Hoeffding sufficiency bound.","Bounded observable (‖O‖_∞ ∈ O(1)); Hoeffding (range-based) concentration; relative-error criterion ε̃ ≲ 1; Supp. Cor. 5 additionally assumes ""statistical fluctuations associated with individual measurement outcomes stay constant"" (SI p. 29).","Any expectation-value estimate; the bound depends on the outcome range ‖O‖_∞, not on the measurement scheme's variance. The constant-fluctuation assumption of Supp. Cor. 5 holds for ±1 (SWAP-type) outcomes but not for the Loschmidt 0/1 outcome at small F (per-shot variance F(1 − F)). The source does not discuss this.","This is the source's shot-count statement. It is range-based, so it cannot separate Loschmidt from SWAP exponents. The per-outcome fluctuation that Cor. 5 assumes constant is exactly what differs between the readouts in Stage 7 (per-shot variance F(1 − F) vs 1 − F²), giving ∝ 1/A vs ∝ 1/A² requirements. The source does not draw this connection.","A measurement-dependent exponent, gradient-level requirements, or a proven necessary (lower-bound) shot count (the count is framed as required but derived from a sufficiency bound).",Supplementary Information (MOESM1) to the published version,https://doi.org/10.1038/s41467-024-49287-w
A-13,thanasilp2024,Exponential concentration in quantum kernel methods,2024,F-E,5,Exponential measurement burden under concentration,EXPLICIT,Introduction; Results; Discussion,Introduction (p. 2); after Theorem 1 (p. 6); Discussion (p. 11),—,—,—,"2, 6, 11",—,"When kernels exponentially concentrate, resolving them needs exponentially many shots. With polynomially many shots the trained model is independent of the input data.",Exponential concentration.,Kernel estimation.,The general fact Stage 5–7 take as given. Stage 7 adds readout-specific gradient-level exponents (see A-10b and B-10c for the closest prior statements).,Readout-dependent exponents; gradient-level statements.,"Published version (Nat. Commun. 15, 5200; online 2024-06-18)",https://doi.org/10.1038/s41467-024-49287-w
A-14,thanasilp2024,Exponential concentration in quantum kernel methods,2024,F-H,26,Post-processing (training/prediction) cannot recover information lost to concentration,EXPLICIT,Results; SI Note III A,Why exponential concentration is problematic; SI III A 1–2,"(15), (16); SI (37)–(45), (54)–(61)",SI Fig. 3,SI Note III A,5; SI 8–13,—,"Any map applied to samples from indistinguishable distributions gives indistinguishable outputs (SI Def. 3). Optimal kernel-ridge parameters and predictions trained on concentrated estimates are, with probability exponentially close to 1, equal to (Loschmidt) or indistinguishable from (SWAP) data-independent quantities.",Kernel concentration; polynomial shots; polynomial training set.,Kernel methods.,The no-post-processing fact that Stage 7 does not claim.,Gradient-level statements.,Published version + Supplementary Information (MOESM1),https://doi.org/10.1038/s41467-024-49287-w
A-15,thanasilp2024,Exponential concentration in quantum kernel methods,2024,F-H,26,Multi-copy coherent processing does not distinguish exponentially close states,EXPLICIT,SI Note III,C. Indistinguishability of concentrated quantum states,SI (134)–(141),—,SI Note III C,SI 27–28,—,"Given m copies of ρ or σ, the optimal success probability is ≤ 1/2 + m‖ρ − σ‖₁/4. For exponentially close states and polynomial m, they remain indistinguishable even with coherent processing. Hence multi-copy error-mitigation schemes cannot remove concentration-induced data independence.",‖ρ − σ‖₁ ∈ O(1/bⁿ); m ∈ O(poly(n)).,State-level distinguishability.,Background; Stage 7 makes no state-discrimination claim.,Anything about specific readouts' gradient exponents.,Supplementary Information (MOESM1) to the published version,https://doi.org/10.1038/s41467-024-49287-w
A-16,thanasilp2024,Exponential concentration in quantum kernel methods,2024,F-H,26,Error mitigation cannot remove (noise-induced) kernel concentration,EXPLICIT,SI Note VIII; Results,"SI VIII; main text ""4. Noise-induced concentration""",SI (274)–(278),—,SI Note VIII,SI 42–43; main 10,—,"Quoting a result of its Ref. [18] (Wang et al.), common error-mitigation strategies within a unified framework concentrate onto a state-independent fixed point at linear depth. So they cannot mitigate noise-induced exponential concentration of kernel values, and can even impair resolvability.",Local depolarising noise; circuit depth Ω(n); the cited theorem's assumptions.,Noisy kernels; error mitigation.,Background (Stage 7 is noiseless; B4 is Satyabrat's).,Anything about noiseless finite-shot gradient readouts.,Published version + Supplementary Information (MOESM1),https://doi.org/10.1038/s41467-024-49287-w
A-17,thanasilp2024,Exponential concentration in quantum kernel methods,2024,CTX,—,Exponentially flat training landscape of kernel target alignment (trainability),EXPLICIT,Results,Training parameterized quantum kernels,(35)–(37); SI (280)–(342),Fig. 9,SI Notes IX–X,10–11; SI 43–50,—,"The deviation probability of the kernel target alignment over variational parameters is ""approximately bounded"" by the variances of the parameterised kernels. If those vanish exponentially, the source concludes that the alignment landscape is exponentially flat and untrainable with polynomially many shots. Fig. 9 shows the exponential decay of Var_θ[TA] (exact variances over 500 initialisations of a single R_y layer + HEE; no finite-shot simulation).",As stated in Proposition 4.,"Trainability of parameterised kernels; no finite-shot gradient-estimator analysis, no trajectories.",Context only; listed so that the absence of a random-walk statement in paper A (A-NL08) is not mistaken for absence of any trainability content.,"Random-walk behaviour, parameter-shift finite-shot statistics, or trajectory comparisons.",Published version + Supplementary Information (MOESM1),https://doi.org/10.1038/s41467-024-49287-w
A-18,thanasilp2024,Exponential concentration in quantum kernel methods,2024,CTX,—,Source's positioning of earlier work (for follow-up only),EXPLICIT,Introduction; SI Note I,SI I.A–I.D,—,—,SI Note I,2; SI 1–2,—,"The source says its refs. 8 and 16 rigorously study the shots needed to train the fidelity kernel without addressing concentration. SI I.D says its SI refs. [9, 10] study shot noise in kernel methods without concentration. SI I.B says its SI ref. [3] suggests, without proving, that exponentially many shots are needed for certain embeddings.",—,Bibliographic.,Feeds B5_FOLLOWUP_SOURCES.md (shot-complexity studies of fidelity-kernel estimation).,Anything about those works' contents (not reviewed in B5).,Published version + Supplementary Information (MOESM1),https://doi.org/10.1038/s41467-024-49287-w
A-NL07,thanasilp2024,Exponential concentration in quantum kernel methods,2024,C1; C3,7,Parameter-shift finite-shot analysis,NOT LOCATED,Whole paper (main text + Supplementary Information),—,—,—,—,main 1–13; SI 1–51,—,"Not located in the reviewed version after searches for: parameter shift, parameter-shift, gradient estimator, derivative, finite-difference. ""Gradient"" appears only in barren-plateau background and reference titles. Kernel target alignment (A-17) is treated through variances, not finite-shot gradient estimators.",—,"Search covered main text, all SI notes and figure captions.",—,Absence from the wider literature.,Published version + Supplementary Information (MOESM1),https://doi.org/10.1038/s41467-024-49287-w
A-NL08,thanasilp2024,Exponential concentration in quantum kernel methods,2024,C4; F-G,8,Random-walk behaviour of finite-shot gradient descent,NOT LOCATED,Whole paper (main text + Supplementary Information),—,—,—,—,main 1–13; SI 1–51,—,"Not located in the reviewed version after searches for: random walk, trajectory, gradient descent, optimization step, update rule. The closest content is the random-matrix Gram estimate (A-08, A-09b) and the kernel-target-alignment trainability statement (A-17), neither of which concerns gradient-descent trajectories.",—,As above.,—,Absence from the wider literature.,Published version + Supplementary Information (MOESM1),https://doi.org/10.1038/s41467-024-49287-w
A-NL10,thanasilp2024,Exponential concentration in quantum kernel methods,2024,C1,10,Exact finite-shot gradient correct-sign probability,NOT LOCATED,Whole paper (main text + Supplementary Information),—,—,—,—,main 1–13; SI 1–51,—,"Not located in the reviewed version after searches for: sign, correct direction, direction, P_correct, probability of correct sign, binomial difference. No sign or direction statistics are given for any estimate.",—,As above.,—,Absence from the wider literature.,Published version + Supplementary Information (MOESM1),https://doi.org/10.1038/s41467-024-49287-w
A-NL11,thanasilp2024,Exponential concentration in quantum kernel methods,2024,C1,11,Exact finite-shot gradient wrong-sign probability,NOT LOCATED,Whole paper (main text + Supplementary Information),—,—,—,—,main 1–13; SI 1–51,—,"Not located in the reviewed version after searches for: wrong sign, sign, direction, P_wrong. No sign statistics appear.",—,As above.,—,Absence from the wider literature.,Published version + Supplementary Information (MOESM1),https://doi.org/10.1038/s41467-024-49287-w
A-NL12,thanasilp2024,Exponential concentration in quantum kernel methods,2024,C1,12,Distribution of a difference of two binomial counts (parameter-shift estimator),NOT LOCATED,Whole paper (main text + Supplementary Information),—,—,—,—,main 1–13; SI 1–51,—,"Not located in the reviewed version after searches for: binomial, difference, Skellam, tie, equal counts. ""Binomial"" occurs only for the binomial hypothesis test of SI Figs. 4–5. All estimates are single empirical means; no difference of two estimates is analysed.",—,As above.,—,Absence from the wider literature.,Published version + Supplementary Information (MOESM1),https://doi.org/10.1038/s41467-024-49287-w
A-NL13,thanasilp2024,Exponential concentration in quantum kernel methods,2024,C2,13,P(correct sign | nonzero estimate) for the Loschmidt readout,NOT LOCATED,Whole paper (main text + Supplementary Information),—,—,—,—,main 1–13; SI 1–51,—,"Not located in the reviewed version after searches for: conditional, given nonzero, sign, direction, success probability, single count, (1+|sin|)/2. Conditional probabilities appear only as the zero-estimate integrand P(κ̂ = 0 | κ = s) (A-06a) and in hypothesis-test success probabilities (SI Eqs. (2)–(3), (50)). None is a sign law.",—,As above.,—,Absence from the wider literature.,Published version + Supplementary Information (MOESM1),https://doi.org/10.1038/s41467-024-49287-w
A-NL14b,thanasilp2024,Exponential concentration in quantum kernel methods,2024,C3,14b,"Same-θ, same-gradient comparison of two readouts",NOT LOCATED,Whole paper (main text + Supplementary Information),—,—,—,—,main 1–13; SI 1–51,—,"Not located in the reviewed version after searches for: gradient, parameter shift, same landscape, same objective. The two-readout comparison exists only for kernel estimates (A-09a, A-10a).",—,As above.,—,Absence from the wider literature.,Published version + Supplementary Information (MOESM1),https://doi.org/10.1038/s41467-024-49287-w
A-NL17,thanasilp2024,Exponential concentration in quantum kernel methods,2024,C3,17,Explicit pair of shot exponents 4ⁿ (LE) and 16ⁿ (SWAP),NOT LOCATED,Whole paper (main text + Supplementary Information),—,—,—,—,main 1–13; SI 1–51,—,"Not located in the reviewed version after searches for: 4^n, 16^n, 4n, 16n, exponent, base of exponential, decades per qubit, slope. Exponential statements are Ω(2ⁿ) (numerical, LE, kernel level; A-10b), Ω(b^(2n)) (scheme-independent sufficient bound; A-12a), and ""at least exponentially"" (SWAP; A-10b).",—,As above.,—,Absence from the wider literature.,Published version + Supplementary Information (MOESM1),https://doi.org/10.1038/s41467-024-49287-w
A-NL18,thanasilp2024,Exponential concentration in quantum kernel methods,2024,C3,18,Readout-dependent exponent of the resolution shot count,NOT LOCATED,Whole paper (main text + Supplementary Information),Nearest content: SI Note III D (A-12a),Nearest content: SI (143)–(144),—,—,main 1–13; SI 1–51,—,"Not located in the reviewed version after searches for: exponent, measurement strategy, readout, POVM, shot scaling, resolution. The source's resolution bound (SI Supp. Prop. 5) is range-based and identical for both tests, and no statement ties the exponent to the measurement scheme.",—,As above.,—,Absence from the wider literature.,Published version + Supplementary Information (MOESM1),https://doi.org/10.1038/s41467-024-49287-w
A-NL20,thanasilp2024,Exponential concentration in quantum kernel methods,2024,C4,20,Cosine similarity of estimated vs exact gradient vectors,NOT LOCATED,Whole paper (main text + Supplementary Information),—,—,—,—,main 1–13; SI 1–51,—,"Not located in the reviewed version after searches for: cosine, angle, alignment, inner product, gradient vector. ""Angle"" occurs only for rotation angles of the encodings.",—,As above.,—,Absence from the wider literature.,Published version + Supplementary Information (MOESM1),https://doi.org/10.1038/s41467-024-49287-w
A-NL21,thanasilp2024,Exponential concentration in quantum kernel methods,2024,C4,21,Norm of estimated vs exact gradient,NOT LOCATED,Whole paper (main text + Supplementary Information),—,—,—,—,main 1–13; SI 1–51,—,"Not located in the reviewed version after searches for: norm (hits are Schatten/1-norms of states or distributions, the feature-space norm ‖a‖_H of the kernel-ridge regulariser (main p. 3) and operator norms ‖O‖_∞ (SI Supp. Prop. 5)), gradient norm, magnitude.",—,As above.,—,Absence from the wider literature.,Published version + Supplementary Information (MOESM1),https://doi.org/10.1038/s41467-024-49287-w
A-NL22,thanasilp2024,Exponential concentration in quantum kernel methods,2024,C4,22,Probability that the estimated gradient is a descent direction,NOT LOCATED,Whole paper (main text + Supplementary Information),—,—,—,—,main 1–13; SI 1–51,—,"Not located in the reviewed version after searches for: inner product, dot product, descent direction, sign.",—,As above.,—,Absence from the wider literature.,Published version + Supplementary Information (MOESM1),https://doi.org/10.1038/s41467-024-49287-w
A-NL23,thanasilp2024,Exponential concentration in quantum kernel methods,2024,C4,23,Fraction of gradient components with correct sign,NOT LOCATED,Whole paper (main text + Supplementary Information),—,—,—,—,main 1–13; SI 1–51,—,"Not located in the reviewed version after searches for: sign, component, sign accuracy.",—,As above.,—,Absence from the wider literature.,Published version + Supplementary Information (MOESM1),https://doi.org/10.1038/s41467-024-49287-w
A-NL24,thanasilp2024,Exponential concentration in quantum kernel methods,2024,C4,24,Trajectories from identical starts under different readouts/shot budgets,NOT LOCATED,Whole paper (main text + Supplementary Information),—,—,—,—,main 1–13; SI 1–51,—,"Not located in the reviewed version after searches for: trajectory, iteration, initialization, paired, matched. Kernel ridge regression is solved in closed form. Fig. 9 reports variances over 500 random initialisations, not trajectories.",—,As above.,—,Absence from the wider literature.,Published version + Supplementary Information (MOESM1),https://doi.org/10.1038/s41467-024-49287-w
A-NL28,thanasilp2024,Exponential concentration in quantum kernel methods,2024,CTX,28,Finite-shot training numerics with a global Pauli-Z cost on a single-qubit-rotation layer,NOT LOCATED,Whole paper (main text + Supplementary Information),—,—,—,—,main 1–13; SI 1–51,—,"Not located in the reviewed version after searches for: Pauli-Z, parity, global observable, training curve. Single rotation layers appear only as kernel embeddings (Prop. 3, Fig. 7, main Fig. 3, SI Fig. 4) and as the trainable R_y layer of Fig. 9 (Var_θ[TA] only, no training curves).",—,As above.,—,Absence from the wider literature.,Published version + Supplementary Information (MOESM1),https://doi.org/10.1038/s41467-024-49287-w
B-01,aghaeisaem2026,Pitfalls when tackling the exponential concentration of parameterized quantum models,2026,C1; C3,7,"Parameter-shift gradient descent with finite-shot loss estimates, inside the general procedure",EXPLICIT,II. Framework,Gradient-based and non-gradient based training,"(1)–(4), (6)",Fig. 2,App. B Eq. (B17) (formal re-statement),3–4 (arXiv v2),—,"Each quantity ℓ_i is estimated from N POVM outcomes (outcome probabilities p_k = Tr[ρ M_k]). For vanilla gradient descent with the parameter-shift rule, the k-th update uses the difference of estimated losses at θ ± (π/2)ê_k. For a single Pauli observable this needs N_ℓ = 2N_p estimated quantities.",Circuits obeying the parameter-shift rule; polynomially many quantities.,General loss functions; the finite-shot statistics are analysed only through the indistinguishability results (B-04–B-06).,Stage 7's estimator ĝ = [Ĉ(θ + π/2 e_k) − Ĉ(θ − π/2 e_k)]/2 with independent batches is this update's gradient term with an infidelity loss.,"The distribution, variance, zero or sign probabilities of the parameter-shift estimate for any specific readout.",arXiv:2507.22054v2 (2026-06-04); same equation numbers in v1,https://arxiv.org/abs/2507.22054v2
B-02,aghaeisaem2026,Pitfalls when tackling the exponential concentration of parameterized quantum models,2026,CTX,—,"Global Pauli-Z estimation uses the two-element parity POVM {Π₊, Π₋}",EXPLICIT,II. Framework,Polynomial POVMs in disguise,—,—,—,5 (arXiv v2),—,"Estimating ⟨⊗Z_i⟩ requires only the eigenvalue sector of each bitstring, so the relevant POVM is {Π₊, Π₋}: projectors onto even- and odd-parity subspaces.",—,POVM bookkeeping.,Matches the two-outcome parity estimator of the Stage 6 parity benchmark.,Finite-shot gradient statistics for that POVM.,arXiv:2507.22054v2 (2026-06-04); the global-Z paragraph is absent from v1,https://arxiv.org/abs/2507.22054v2
B-03,aghaeisaem2026,Pitfalls when tackling the exponential concentration of parameterized quantum models,2026,F-A; F-F,"1, 6",Concentration at the level of POVM outcome probabilities,EXPLICIT,III. Exponential concentration,Definition 1,(8),Fig. 1,App. B (used throughout),5–7; Fig. 1 on p. 2 (arXiv v2),—,"A POVM's outcome probabilities concentrate with respect to α ~ D if, for every element, Pr(|p_k(α) − μ_k| ≥ δ) ≤ β/δ² with β ∈ O(exp(−n)) and α-independent μ_k. The mechanisms are those of expectation-value concentration, since p_k is the expectation of a POVM element.",Distribution D over the variables.,Any POVM.,"Stage 5–7 analyse exactly these outcome probabilities (F±, q±) at fixed θ and their distribution over θ.",Finite-shot gradient laws or exponents.,"arXiv:2507.22054v2 (2026-06-04); v1 has Definition 1/Eq. (8) without the explicit ""drawn from D"" qualifier and the following remark",https://arxiv.org/abs/2507.22054v2
B-04,aghaeisaem2026,Pitfalls when tackling the exponential concentration of parameterized quantum models,2026,F-F; F-E,"5, 6",Concentrated polynomial-size POVM ⇒ samples indistinguishable from a fixed distribution under polynomial shots,EXPLICIT,III. Exponential concentration; App. B,Theorem 1; Theorem 2,(B1)–(B13),Fig. 1,App. B,7; 19–20; Fig. 1 on p. 2 (arXiv v2),—,"With |M| ∈ O(poly(n)) and N ∈ O(poly(n)), with probability ≥ 1 − δ over α the samples from P_α cannot be told apart from samples of P_fixed with success above 1/2 + ε. Here δ = |M|√β and ε = N|M|β^(1/4)/4 are exponentially small.",Definition 1 for all outcomes; polynomial POVM and shots; 1-norm hypothesis-testing bound (App. A).,Any procedure with polynomial POVMs.,The general indistinguishability fact; Stage 7 does not claim it.,"Readout-specific exponents (the bound is 1-norm based), gradient zero/sign laws.",arXiv:2507.22054v2 (2026-06-04); same statement and (B)-numbering in v1,https://arxiv.org/abs/2507.22054v2
B-05,aghaeisaem2026,Pitfalls when tackling the exponential concentration of parameterized quantum models,2026,F-H,26,No classical post-processing removes indistinguishability,EXPLICIT,III. Exponential concentration; App. B,Corollary 1; Corollary 3,(9),Fig. 1,App. B,7; 20; Fig. 1 on p. 2 (arXiv v2),—,"Applying any map Φ′ to concentrated measurement outcomes yields, with high probability, an estimate statistically indistinguishable from the α-independent random variable ℓ̂_fixed = Φ′(S_N,fixed).",As Theorem 2.,Arbitrary post-processing.,A fact Stage 7 does not claim. Stage 7's gradient estimators are one such map.,The specific form of the fixed-distribution gradient laws.,arXiv:2507.22054v2 (2026-06-04); same in v1,https://arxiv.org/abs/2507.22054v2
B-06a,aghaeisaem2026,Pitfalls when tackling the exponential concentration of parameterized quantum models,2026,C4; F-G,8,Polynomial-shot parameter-shift gradient descent on a concentrated loss is statistically a random walk,EXPLICIT,III. Exponential concentration; App. B,Corollary 2; Corollary 4 and proof,(10); (B14)–(B30),Fig. 3,App. B,7; 20–23; Fig. 3 on p. 6 (arXiv v2),—,"Setting: loss Σ_i c_i Tr[ρ(θ)O_i] with Pauli O_i, parameter-shift rule, random initialisation, polynomially many iterations and shots. With probability ≥ 1 − c, c ∈ O(exp(−n)), each update θ_new = θ_current + Δ_N is indistinguishable from one with parameter-independent components [Δ_N]_k = −(η/2) Σ_i c_i [Σ_j z_ijk/N − Σ_j z′_ijk/N], with z, z′ = ±1 equiprobable. A union bound over steps extends this to the whole trajectory.","Pauli observables (two-outcome POVMs, ±1 outcomes); every POVM exponentially concentrated; N, N_ℓ, N_step ∈ O(poly(n)); union bound.","Concentration point 1/2 for both outcomes (Pauli/SWAP-like). The Loschmidt projector POVM, whose fixed distribution is (0, 1) (B-09a), is not the case written in (B15).",Stage 7 §17–18 lists SWAP-driven GD at n ≥ 10 matching a signal-free random walk as a replication of this corollary.,"Zero/sign probabilities, alignment, norm or trajectory metrics (B-06b–B-06e), or the Loschmidt ""frozen"" behaviour.","arXiv:2507.22054v2 (2026-06-04); v1 has the same corollaries with wording ""results in a random walk"" (see Version differences V-05)",https://arxiv.org/abs/2507.22054v2
B-06b,aghaeisaem2026,Pitfalls when tackling the exponential concentration of parameterized quantum models,2026,C1,12,Difference-of-binomials form of the finite-shot parameter-shift estimate,PARTIAL / RELATED,App. B,"Proof of Corollary 4, step (1)","(B18), (B19), (B26)",—,App. B,22–23 (arXiv v2),—,"Each update component is −(η/2) Σ_i c_i [Σ_q λ_i1kq/N − Σ_q λ_i2kq/N], with λ = +1 w.p. (1 + ℓ_i(α))/2 and −1 otherwise. Each sum is an affine function of a binomial count (our rewriting; the word ""binomial"" does not appear in the source, which uses only ±1-outcome sums). In the concentrated limit both are replaced by z = ±1 equiprobable (B26). The distribution of the difference is not derived.",As B-06a.,Pauli ±1 outcomes.,The SWAP gradient estimator ĝ_SWAP = (K₋ − K₊)/M has exactly this structure with ℓ = F (ancilla ⟨Z⟩ = F). Stage 5–7 derive its exact pmf-based P_zero/P_correct.,"The pmf of the difference, P(ĝ = 0), P_correct/P_wrong, tie probability, or the Loschmidt (0/1-outcome) version.",arXiv:2507.22054v2 (2026-06-04); same numbering in v1,https://arxiv.org/abs/2507.22054v2
B-06c,aghaeisaem2026,Pitfalls when tackling the exponential concentration of parameterized quantum models,2026,C1,"10, 11",Correct/wrong-sign probabilities of the finite-shot gradient,PARTIAL / RELATED,III. Exponential concentration; App. B,Corollary 2; Corollary 4,"(10), (B15), (B26)",—,App. B,7; 21–23 (arXiv v2),—,"The update is indistinguishable from a parameter-independent variable that is symmetric under sign flip. This implies the sign carries no usable information about the landscape with high probability, but no probability of the correct or wrong sign is stated or computed.",As B-06a.,Pauli/±1 outcomes; asymptotic indistinguishability statement.,"Stage 6–7 give exact finite-M P_correct, P_wrong and P_zero (e.g. SWAP P_correct → (1 − P_zero)/2; Loschmidt P_correct → 0 through zeros). Neither the values nor the Loschmidt asymmetry appear in the source.",Exact or asymptotic P_correct/P_wrong values; their M- or n-dependence.,arXiv:2507.22054v2 (2026-06-04),https://arxiv.org/abs/2507.22054v2
B-06d,aghaeisaem2026,Pitfalls when tackling the exponential concentration of parameterized quantum models,2026,C4,"20, 22, 23","Direction of the estimated gradient vector (cosine, ĝ·g > 0, component sign accuracy)",PARTIAL / RELATED,III. Exponential concentration; App. B,Corollary 2; Corollary 4,"(10), (B14)–(B15)",Fig. 3,App. B,7; 21; Fig. 3 on p. 6 (arXiv v2),—,"The whole update vector is indistinguishable from a parameter-independent random vector. The source states this at the level of trajectories (random walk); it does not compute any alignment measure (cosine, ĝ·g sign, fraction of correct component signs).",As B-06a.,Trajectory-level statement.,"Stage 7 §14 reports these metrics directly: SWAP median cosine ≈ 0.009, P(ĝ·g > 0) ≈ 0.51; Loschmidt conditional cosine ≈ 0.74 at n = 12, M = 1024. ""Optimizer behaves like a random walk"" and ""cosine ≈ 0"" are related but not identical statements.","Any alignment value, the Loschmidt ""zero-or-aligned"" pattern, or finite-n behaviour.",arXiv:2507.22054v2 (2026-06-04),https://arxiv.org/abs/2507.22054v2
B-06e,aghaeisaem2026,Pitfalls when tackling the exponential concentration of parameterized quantum models,2026,C4,21,Norm of the estimated gradient relative to the exact gradient,PARTIAL / RELATED,App. B,Corollary 4,(B15),—,App. B,21 (arXiv v2),—,"The null update (B15) has a parameter-independent magnitude set by η, N and the coefficients c_i. The source makes no statement comparing the estimated-gradient norm with the exact-gradient norm.",As B-06a; the expectation shown is our algebra on (B15) (B5_MATH_COMPARISON §6.6).,Null (concentrated) update only.,"Stage 7 §14 measures SWAP median log₁₀‖ĝ‖/‖g‖ ≈ 4.5 at n = 12, M = 1024.",Any norm-ratio statement or value.,arXiv:2507.22054v2 (2026-06-04),https://arxiv.org/abs/2507.22054v2
B-07a,aghaeisaem2026,Pitfalls when tackling the exponential concentration of parameterized quantum models,2026,C4; F-G,"8, 28",Numerical random-walk behaviour of finite-shot training on a barren plateau,EXPLICIT,III. Exponential concentration,Text following Corollary 2,—,Fig. 3 (a)–(c),App. C (setup),6–7 (arXiv v2),—,"For n = 15, a single layer of X rotations and the global Pauli-Z observable: trajectories with 2¹⁵ and infinite shots converge, while trajectories with 150 shots wander randomly. The mean and variance of (1/N_p)‖θ^(t) − θ^(0)‖₁ over initialisations under 150 shots closely resemble a random walk.","Global-Z cost; ""random initialization"" (Cor. 2; the Fig. 3 caption says ""different parameter initializations""); learning rate η (value and schedule not stated in the reviewed text).","One system size, one cost (parity), displacement statistics.",Same circuit family as Stage 3–7 but the parity cost (Stage 6's parity benchmark). Stage 7's random-walk diagnostic uses the fidelity cost with the SWAP readout.,"Fidelity/SWAP or Loschmidt trajectories, endpoint-fidelity comparisons, alignment metrics, or start matching (B-07c).","arXiv:2507.22054v2 (2026-06-04); v1 has the figure, but its caption lacks the definition of the plotted quantity",https://arxiv.org/abs/2507.22054v2
B-07b,aghaeisaem2026,Pitfalls when tackling the exponential concentration of parameterized quantum models,2026,C4,25,Signal-free random-walk control,EXPLICIT,III. Exponential concentration,Text following Corollary 2,—,"Fig. 3 (b), (c) — legend ""Random Walk""",—,6–7 (arXiv v2),—,A random-walk reference is plotted alongside the 150-shot and 2¹⁵-shot runs for the mean and variance of parameter displacement. How the reference curve is generated is not specified in the reviewed text.,As B-07a.,Displacement statistics only; parity cost; n = 15.,"Stage 7's control replaces SWAP counts with zero-signal counts (q₊ = q₋ = 1/2) under the identical update rule and identical starts, and compares fidelity endpoints and alignment. The source's comparison is on displacement statistics.","Endpoint (loss/fidelity) comparison with a control, matched starts, or the construction of the reference.",arXiv:2507.22054v2 (2026-06-04),https://arxiv.org/abs/2507.22054v2
B-07c,aghaeisaem2026,Pitfalls when tackling the exponential concentration of parameterized quantum models,2026,C4,24,Matched-start finite-shot optimisation trajectories,PARTIAL / RELATED,III. Exponential concentration; IV. Practical step-by-step guidelines,Text following Corollary 2; discussion of Fig. 4,—,Fig. 3 (a); Fig. 4,App. C,6–8 (arXiv v2),—,"Trajectories under different shot budgets are shown together (Fig. 3a, a PCA cut) and training curves are compared across budgets (Fig. 4). Neither the text nor the captions say whether initial parameters are identical across budgets. Fig. 3 (b)–(c) average over different initialisations.",—,Parity / global-Z costs.,"Stage 7 pairs every arm (exact, LE, SWAP, random walk) from identical θ₀ by construction (Stage 6 found an unpaired comparison gave a false positive).",That starts were matched; any paired statistic.,arXiv:2507.22054v2 (2026-06-04),https://arxiv.org/abs/2507.22054v2
B-08a,aghaeisaem2026,Pitfalls when tackling the exponential concentration of parameterized quantum models,2026,F-E; F-G,5,Exponential shot budget needed for training on a barren plateau (numerics),EXPLICIT,IV. Practical step-by-step guidelines,Discussion of Fig. 4,(C1)–(C11),Fig. 4 (a)–(d),App. C,"6, 8; 23–25 (arXiv v2)",—,"For quantum natural gradient, CVaR, classical-NN initialisation and the rescaled parameter-shift rule (n = 9–17), training succeeds with 2ⁿ shots but does not move meaningfully with 10 × n shots.","Single X-rotation layer (C1); global-Z observables (C8) or a sum of four global-Z terms (C9); uniform random initialisation for QNG, CVaR and the rescaled parameter-shift rule; classical-NN-output initialisation for the NN method.",Global costs; numerical.,General exponential-burden fact; not readout-specific.,Readout-dependent exponents or gradient-level laws.,arXiv:2507.22054v2 (2026-06-04); also in v1,https://arxiv.org/abs/2507.22054v2
B-08b,aghaeisaem2026,Pitfalls when tackling the exponential concentration of parameterized quantum models,2026,CTX,28,Numerical setup on the single-qubit-rotation product circuit,EXPLICIT,App. C,Further details of numerical simulation,"(C1), (C8), (C9)","Fig. 3, Fig. 4",App. C,23–25; Figs. 3–4 on p. 6 (arXiv v2),—,"All numerics use U(θ) = ∏_i e^(−iθ_i X_i) with global observables: ⊗Z_i (QNG, NN initialisation, rescaled PS) or a sum of four global-Z strings (CVaR). Parameters are initialised uniformly at random for QNG, CVaR and the rescaled parameter-shift rule; the classical-NN method initialises them from a neural network's output.",—,"Parity-type costs on the product circuit, not the |0ⁿ⟩ fidelity.","Same circuit family as Stage 3–7, different cost. This is Stage 6's parity benchmark setup (STAGE6.md §19 notes it). Stage 7's fidelity cost and the Loschmidt/SWAP readouts are not used in the source's numerics.",Fidelity-cost results on this circuit.,arXiv:2507.22054v2 (2026-06-04); same in v1,https://arxiv.org/abs/2507.22054v2
B-08c,aghaeisaem2026,Pitfalls when tackling the exponential concentration of parameterized quantum models,2026,CTX,27,Concentration of the product single-qubit-rotation fidelity landscape,PARTIAL / RELATED,App. C; IV. Practical step-by-step guidelines,Further details of numerical simulation; Subtlety regarding the choice of POVM,"(C1), (C8)","Fig. 3, Fig. 4",App. C,"9–10, 23–25; Figs. 3–4 on p. 6 (arXiv v2)",—,"The source's numerics use the same product circuit (one layer of single-qubit X rotations; random initialisation, uniform for QNG, CVaR and rescaled parameter shift), but with global Pauli-Z costs, citing the globality-induced barren plateau. Its fidelity discussion (Loschmidt vs SWAP) assumes a 2-design, not the product family. The concentration of the product-circuit |0ⁿ⟩ fidelity is not stated.",—,"Same circuit, different cost; or same cost, different (2-design) ensemble.",Paper A's Proposition 3 (A-03) is the located explicit statement for the product-rotation fidelity family.,Concentration statistics of the product-circuit fidelity or its gradients.,arXiv:2507.22054v2 (2026-06-04),https://arxiv.org/abs/2507.22054v2
B-09a,aghaeisaem2026,Pitfalls when tackling the exponential concentration of parameterized quantum models,2026,F-B; F-C; C3,"1, 2, 3, 14a","Same fidelity objective, two POVMs: zero estimate (LE) vs 50/50 outcomes (SWAP)",EXPLICIT,IV. Practical step-by-step guidelines,Subtlety regarding the choice of POVM,—,"Fig. 5 (a) Loschmidt echo test, (b) SWAP test",App. B (Theorem 2 invoked),9 (arXiv v2),—,"For learning |φ⟩ = U₀|0⟩ with infidelity loss and a variational state forming a 2-design: the Loschmidt POVM {|0⟩⟨0|^⊗n, 𝟙 − |0⟩⟨0|^⊗n} has fixed distribution (0, 1), so with probability exponentially close to 1 the estimated fidelity is zero. The SWAP-test POVM {|0⟩⟨0|, |1⟩⟨1|} on the ancilla has fixed distribution (1/2, 1/2). Both approaches are said to suffer from concentration (the fidelity concentrates under the 2-design assumption).",|ψ(θ)⟩ = U(θ)|0⟩ forms a unitary 2-design; Theorem 2.,"Fidelity/loss estimates; analytic, no numerics; no gradients.","Stage 7 lists the zero-vs-50/50 fidelity-level contrast as prior work (§3, §19). The source states it for a 2-design ensemble; Stage 7's landscape is the product (non-2-design) family.","Gradient-level comparison, exponents, zero/sign probabilities.",arXiv:2507.22054v2 (2026-06-04); **absent from v1**; published-version status unverified,https://arxiv.org/abs/2507.22054v2
B-09b,aghaeisaem2026,Pitfalls when tackling the exponential concentration of parameterized quantum models,2026,C1; C4,"9, 19",Zero probability of the gradient component / full gradient vector,PARTIAL / RELATED,IV. Practical step-by-step guidelines,Subtlety regarding the choice of POVM,—,Fig. 5 (a),—,9 (arXiv v2),—,Only the fidelity estimate is said to be zero with high probability. Nothing is said about the parameter-shift difference of two such estimates or about all components simultaneously.,As B-09a.,Fidelity level.,Both shifted Loschmidt estimates being zero makes the gradient component zero. Stage 5–7 compute the exact P(ĝ = 0) (including equal nonzero counts) and the full-vector zero probability.,Gradient-level or vector-level zero probabilities or their values.,arXiv:2507.22054v2 (2026-06-04); absent from v1,https://arxiv.org/abs/2507.22054v2
B-10a,aghaeisaem2026,Pitfalls when tackling the exponential concentration of parameterized quantum models,2026,F-D; C3,4,Different estimator variances for Loschmidt vs SWAP (same fidelity),EXPLICIT,IV. Practical step-by-step guidelines,Subtlety regarding the choice of POVM,"Inline, unnumbered (text after Eq. (12))",—,—,10 (arXiv v2),"""These distinct forms of variance result in different statistical behaviors""","The landscape variance is exponentially small regardless of the measurement scheme, but the estimator variances differ: 1 − F_θ² for the SWAP test and F_θ(1 − F_θ) for the Loschmidt echo test.",Per-shot variance (the source writes Var_ρ(θ)[ℓ̂(θ)] without a 1/N factor); pure variational state |ψ(θ)⟩ and target |φ⟩ as in the source's example; the landscape-variance clause relies on the stated assumption that |ψ(θ)⟩ = U(θ)|0⟩ forms a unitary 2-design (p. 9).,"Fidelity (loss) estimate, not its parameter-shift gradient.",These are the per-shot variances Stage 7 uses (Var F̂ = F(1 − F)/M for LE; (1 − F²)/M for SWAP). Stage 7's gradient variances follow by the parameter-shift difference with independent batches (B5_MATH_COMPARISON §6.2).,"The gradient-estimator variances, SNRs, zero/sign probabilities, or the exponents they imply.",arXiv:2507.22054v2 (2026-06-04); **absent from v1**; published-version status unverified,https://arxiv.org/abs/2507.22054v2
B-10b,aghaeisaem2026,Pitfalls when tackling the exponential concentration of parameterized quantum models,2026,F-E,5,Exponential measurement burden via the estimator-variance / landscape-variance ratio,EXPLICIT,IV. Practical step-by-step guidelines,Subtlety regarding the choice of POVM,(12),—,—,9–10 (arXiv v2),—,"Define ε_N(α) = Var_ρ(α)[ℓ̂(α)]/(N Var_α[ℓ(α)]). Sufficient resolution needs ε_N ≲ 1, which under exponential concentration requires N ∈ Ω(exp(n)). The source offers this as a rule-of-thumb diagnostic.",Quantities that are expectation values; exponential concentration of Var_α[ℓ].,"General, applied to fidelity.","Stage 7 uses a different, per-θ criterion (SNR ≥ ρ, P_correct ≥ q at fixed θ; median over θ). The two criteria give different exponents on the heavy-tailed product landscape (B5_MATH_COMPARISON §6.3).",Readout-specific exponents (B-10c) or gradient-level criteria.,arXiv:2507.22054v2 (2026-06-04); absent from v1,https://arxiv.org/abs/2507.22054v2
B-10c,aghaeisaem2026,Pitfalls when tackling the exponential concentration of parameterized quantum models,2026,C3,"15, 16, 18",Measurement-dependent shot-complexity exponent,PARTIAL / IMPLIED,IV. Practical step-by-step guidelines,Subtlety regarding the choice of POVM,(12) + inline variances,—,—,9–10 (arXiv v2),"""affect the degree to which the problem suffers from shot noise""",Changing the POVM does not change the landscape variance and is not expected to remove concentration. Different estimators instead change how badly shot noise affects the problem. The source supplies ε_N and the two variances but does not combine them into shot counts or exponents for either readout.,"For the implication: 2-design statistics (E F = 2^(−n), Var_α F ≈ 2^(−2n)) or a per-point SNR criterion; independent shots; for the gradient version, parameter shift with independent batches and the Stage 5 log-typical A.",The source is at the fidelity level under a 2-design. Stage 7 is at the gradient level on the product landscape.,"Algebra in B5_MATH_COMPARISON §6.2–§6.3. The implication holds at the fidelity level under the source's 2-design assumption (2ⁿ vs 4ⁿ). Reaching Stage 7's 4ⁿ vs 16ⁿ additionally needs the parameter-shift step, a per-θ criterion, and the product-landscape log-typical A. With the source's own ε_N criterion on the product landscape, the result differs: (2/3)ⁿ at the log-typical F, or (4/3)ⁿ at the mean F, vs (8/3)ⁿ.",Any exponent value stated by the authors; gradient-level statements; same-θ paired comparison.,arXiv:2507.22054v2 (2026-06-04); absent from v1,https://arxiv.org/abs/2507.22054v2
B-11,aghaeisaem2026,Pitfalls when tackling the exponential concentration of parameterized quantum models,2026,CTX; F-D,—,POVM choice and multi-copy measurements under concentration,EXPLICIT,IV. Practical step-by-step guidelines,Subtlety regarding the choice of POVM,—,—,—,10 (arXiv v2),—,"Two-copy SWAP measurements estimate purity efficiently without concentration. Under a 2-design the landscape variance stays exponentially small, so the advantage vanishes. Whether some entangled POVM could change the indistinguishability conclusion is left open; analysis must use the POVMs employed in practice.",2-design.,Conceptual.,Positioning context for the readout-dependence question (A4 / B2 belong to the principal and later tracks).,Readout exponents.,arXiv:2507.22054v2 (2026-06-04); absent from v1,https://arxiv.org/abs/2507.22054v2
B-12,aghaeisaem2026,Pitfalls when tackling the exponential concentration of parameterized quantum models,2026,F-H,26,Classical-shadow / measure-first schemes are POVM post-processing,EXPLICIT,IV. Practical step-by-step guidelines,Subtlety regarding measure-first-estimate-later approaches,(11),—,—,8–9 (arXiv v2),—,Post-processing a classical representation built from measurements (e.g. ρ̂_Z) to evaluate an observable is equivalent to implementing that observable's POVM. Concentration results therefore apply however the POVM is realised.,—,Classical shadows / measure-first schemes.,Background (post-processing limits).,—,arXiv:2507.22054v2 (2026-06-04); **absent from v1**,https://arxiv.org/abs/2507.22054v2
B-13,aghaeisaem2026,Pitfalls when tackling the exponential concentration of parameterized quantum models,2026,F-H; F-G,26,Optimisation/post-processing strategies do not overcome outcome-probability concentration,EXPLICIT,II. Framework; IV. Practical step-by-step guidelines; V. Discussion,Guideline steps 1–3 and following text,"(6), (7)",Fig. 4,App. C,"4–5, 8, 10; Fig. 4 on p. 6 (arXiv v2)",—,"By the guidelines (polynomial POVM + concentrated outcome probabilities ⇒ no information), these methods still suffer from exponential concentration, though they may help training in other ways.",Polynomial POVMs; concentration.,Named methods.,Background.,—,arXiv:2507.22054v2 (2026-06-04); also in v1,https://arxiv.org/abs/2507.22054v2
B-14,aghaeisaem2026,Pitfalls when tackling the exponential concentration of parameterized quantum models,2026,F-G; C4,8,Source's own positioning of its random-walk result (self-description),EXPLICIT,I. Introduction,Final paragraph,—,—,—,2 (arXiv v2),"""it had not been proven as far we are aware"" (source's own wording about its Corollary 2)","The authors say random-walk behaviour of vanilla GD on barren plateaus under practical shot budgets was mentioned in passing earlier (their Ref. [38], Arrasmith et al. 2021) and prove it via Corollary 2 by taking the post-processing to be a gradient calculation.",—,"Self-description, quoted as the source's own claim; B5 makes no determination.",Locates the random-walk fact in prior work (this source and its Ref. [38]).,Anything beyond the source's own positioning.,arXiv:2507.22054v2 (2026-06-04); also in v1,https://arxiv.org/abs/2507.22054v2
B-15,aghaeisaem2026,Pitfalls when tackling the exponential concentration of parameterized quantum models,2026,CTX,—,Exponentially-many-element POVMs are outside the framework (counterexample),EXPLICIT,V. Discussion; App. D,App. D 1 Counter example; App. D 2 Indistinguishable example,(D1)–(D13),—,App. D,10–11; 25–27 (arXiv v2),—,"With exponentially many outcomes, each probability can be exponentially close to its concentration point while the distributions remain distinguishable. A counterexample with an odd/even test is given.",—,Scope boundary of the framework.,"Stage 7's two readouts are two-outcome POVMs, inside the framework.",—,arXiv:2507.22054v2 (2026-06-04); also in v1 (appendix title differs),https://arxiv.org/abs/2507.22054v2
B-16,aghaeisaem2026,Pitfalls when tackling the exponential concentration of parameterized quantum models,2026,F-F,6,Hypothesis-testing tools for statistical indistinguishability,EXPLICIT,App. A,A 1 One sample; A 2 Many samples; A 3 Statistical indistinguishability,"(A1), (A12), (A19), (A23)",—,App. A,15–18 (arXiv v2),—,"One-sample optimal success = 1/2 + ‖P − P′‖₁/4. For product distributions ‖P − P′‖₁ ≤ Σ‖P_i − P′_i‖₁. With N samples, success ≤ 1/2 + N‖P₀ − P′₀‖₁/4. ε-statistical indistinguishability is defined for distributions and outputs.",Equal priors; independent samples.,General.,As A-11. These 1-norm bounds do not separate the two readouts' exponents (B5_MATH_COMPARISON §6.4).,Hellinger/variance-based exponents.,arXiv:2507.22054v2 (2026-06-04); v1 numbering of App. A differs (no Product-distribution definition; A-equations end at (A20)),https://arxiv.org/abs/2507.22054v2
B-NL13,aghaeisaem2026,Pitfalls when tackling the exponential concentration of parameterized quantum models,2026,C2,13,P(correct sign | nonzero estimate) for the Loschmidt readout,NOT LOCATED,Whole paper (main text + Appendices A–D),—,—,—,—,1–27 (arXiv v2); 1–24 (arXiv v1),—,"Not located in the reviewed versions after searches for: conditional, given nonzero, sign, direction, single count, (1+|sin|)/2, success probability. The Loschmidt statements are the fixed distribution (0, 1) (B-09a), the per-shot variance F(1 − F) (B-10a) and the overlap-test POVM for kernels (§II p. 5). None concerns signs.",—,As above.,—,Absence from the wider literature.,arXiv:2507.22054v2 (2026-06-04) and v1 (2025-07-29),https://arxiv.org/abs/2507.22054v2
B-NL14b,aghaeisaem2026,Pitfalls when tackling the exponential concentration of parameterized quantum models,2026,C3,14b,"Same-θ, same-gradient comparison of two readouts",NOT LOCATED,Whole paper (main text + Appendices A–D),—,—,—,—,1–27 (arXiv v2),—,"Not located in the reviewed versions after searches for: gradient + Loschmidt, gradient + SWAP, parameter shift + fidelity, same landscape. The Loschmidt/SWAP comparison is at the fidelity level under a 2-design (B-09a, B-10a). The parameter-shift analysis (B-06a) is for Pauli observables.",—,As above.,—,Absence from the wider literature.,arXiv:2507.22054v2 (2026-06-04) and v1 (2025-07-29),https://arxiv.org/abs/2507.22054v2
B-NL17,aghaeisaem2026,Pitfalls when tackling the exponential concentration of parameterized quantum models,2026,C3,17,Explicit pair of shot exponents 4ⁿ (LE) and 16ⁿ (SWAP),NOT LOCATED,Whole paper (main text + Appendices A–D),—,—,—,—,1–27 (arXiv v2),—,"Not located in the reviewed versions after searches for: 4^n, 16^n, 4n, 16n, 2^{2n}, exponent, decades per qubit. The only base-specific shot budgets are the numerical regimes 10 × n, 2ⁿ (Fig. 4) and 150 vs 2¹⁵ (Fig. 3). The general statement is N ∈ Ω(exp(n)).",—,As above.,—,Absence from the wider literature.,arXiv:2507.22054v2 (2026-06-04) and v1 (2025-07-29),https://arxiv.org/abs/2507.22054v2
