n,theta_seed,theta_scale,F_theta,shots,k,reps,g_exact,mean_pennylane,mean_binomial,z_mean_pl_vs_binomial,z_mean_pl_vs_exact,z_mean_binomial_vs_exact,var_pennylane,var_binomial,var_theory,var_ratio_pl_over_binomial,var_ratio_pl_over_theory,var_ratio_binomial_over_theory,approx_sd_of_var_ratio,degenerate_all_zero
3,11,1.0,0.1439555565968224,64,0,400,-0.0753510223748383,-0.07626953125,-0.0766015625,0.18499760596492443,-0.7376400102235617,-0.9674832606447606,0.0006202085872640586,0.0006682951886552319,0.0006063437477314102,0.9280458662467181,1.02286630246378,1.1021721443580617,0.10012523486435178,False
3,11,1.0,0.1439555565968224,64,2,400,0.07570108091306987,0.07501953125,0.07576171875,-0.4543920694726424,-0.5757821401222056,0.053876439846031965,0.0005604522628592966,0.0005066984936707002,0.0006071020651403745,1.106086301538387,0.9231598688924053,0.834618300225253,0.10012523486435178,False
3,11,1.0,0.1439555565968224,256,0,400,-0.0753510223748383,-0.07642578125,-0.075263671875,-1.3939446917732023,-1.821539620381868,0.14830833889769812,0.00013925308571722275,0.00013875851356296015,0.00015158593693285254,1.0035642652948873,0.9186411914906537,0.9153785395305205,0.10012523486435178,False
3,11,1.0,0.1439555565968224,256,2,400,0.07570108091306987,0.0761962890625,0.0742138671875,2.3366772562448306,0.844539949428851,-2.425544616807582,0.00013752927756249754,0.0001503793577801315,0.00015177551628509363,0.9145489087909129,0.906136120823097,0.9908011612206306,0.10012523486435178,False
3,11,1.0,0.1439555565968224,1024,0,400,-0.0753510223748383,-0.0758154296875,-0.0754248046875,-0.8538903761544532,-1.3981381440872593,-0.2345629138516281,4.413243821987831e-05,3.957726901635192e-05,3.7896484233213136e-05,1.115095591907677,1.1645523090820091,1.044351997741936,0.10012523486435178,False
3,11,1.0,0.1439555565968224,1024,2,400,0.07570108091306987,0.0755615234375,0.075494384765625,0.1600751975349144,-0.45649993279681816,-0.7198286943942581,3.73839136950653e-05,3.298119942944749e-05,3.794387907127341e-05,1.133491635895049,0.9852422738551249,0.8692100079566439,0.10012523486435178,False
3,11,0.4,0.768978323897702,64,0,400,-0.15019320203395695,-0.1511328125,-0.15197265625,0.29032637181556076,-0.45765306162424163,-0.8732053045984236,0.0016860984859609965,0.00166111958056763,0.001697442388278538,1.015037391459097,0.9933170619539872,0.9786014488846689,0.10012523486435178,False
3,11,0.4,0.768978323897702,64,2,400,0.15080219606318526,0.150703125,0.15443359375,-1.3180177466091392,-0.0499702272421152,1.7977557439453082,0.00157228398143797,0.001632098052137179,0.001696198011841597,0.9633514232671962,0.9269460112919888,0.9622096245503652,0.10012523486435178,False
3,11,0.4,0.768978323897702,256,0,400,-0.15019320203395695,-0.15029296875,-0.150439453125,0.10288747205597773,-0.09975858846187013,-0.24300968700640715,0.00040006518065182495,0.0004107420307054257,0.0004243605970696345,0.9740059471506632,0.9427481802373304,0.967908032795104,0.10012523486435178,False
3,11,0.4,0.768978323897702,256,2,400,0.15080219606318526,0.15033203125,0.1512158203125,-0.6122776707468429,-0.4657252274850623,0.4009204959642707,0.0004076624514166275,0.00042575078500542126,0.00042404950296039926,0.9575142683798846,0.961355805326101,1.0040119892445218,0.10012523486435178,False
3,11,0.4,0.768978323897702,1024,0,400,-0.15019320203395695,-0.150577392578125,-0.150247802734375,-0.4576933560881984,-0.7514940944424463,-0.10766260637877408,0.00010454474087048293,0.00010287897778035407,0.00010609014926740862,1.0161914817396929,0.9854330641666799,0.9697316715149439,0.10012523486435178,False
3,11,0.4,0.768978323897702,1024,2,400,0.15080219606318526,0.151409912109375,0.150601806640625,1.0958636526953613,1.179607921401886,-0.37981134866889377,0.00010616614256885117,0.00011134576528592217,0.00010601237574009981,0.9534816370989021,1.001450461115298,1.0503091220113556,0.10012523486435178,False
3,12,1.0,2.994816000808009e-06,64,0,400,7.887858838581543e-06,0.0,0.0,,,,0.0,0.0,9.28505775508712e-08,,0.0,0.0,0.10012523486435178,True
3,12,1.0,2.994816000808009e-06,64,2,400,0.0005676523327550507,0.00029296875,0.00076171875,-0.3235161451206904,-0.26290500100764874,0.19331707547728655,0.0004366442075648105,0.00040310699539375784,0.0003976924420889974,1.0831968002398302,1.097944444886122,1.0136149263393563,0.10012523486435178,False
3,12,1.0,2.994816000808009e-06,256,0,400,7.887858838581543e-06,-4.8828125e-06,9.765625e-06,-1.733499616527818,-2.6154334901414997,0.272270992705959,9.5367431640625e-09,1.902568310424499e-08,2.32126443877178e-08,0.5012562814070352,0.41084259960957104,0.8196258378175904,0.10012523486435178,False
3,12,1.0,2.994816000808009e-06,256,2,400,0.0005676523327550507,-4.8828125e-05,-0.000234375,0.261735012252901,-1.192799310981367,-1.6529212671498004,0.00010684737585541,9.417464559837093e-05,9.942311052224935e-05,1.134566264375284,1.0746734365296207,0.9472108155105055,0.10012523486435178,False
3,12,1.0,2.994816000808009e-06,1024,0,400,7.887858838581543e-06,6.103515625e-06,4.8828125e-06,0.2587615566732206,-0.48833377397231686,-1.0071042744886771,5.34051641784515e-09,3.561340179060934e-09,5.80316109692945e-09,1.4995805369127513,0.9202771263184313,0.613689697662417,0.10012523486435178,False
3,12,1.0,2.994816000808009e-06,1024,2,400,0.0005676523327550507,0.000498046875,0.000565185546875,-0.1849117242329487,-0.2753662580256987,-0.00946414914654827,2.555789804100094e-05,2.7174386464264756e-05,2.4855777630562338e-05,0.9405142623775682,1.028247774858401,1.0932824902187526,0.10012523486435178,False
3,12,0.4,0.5022522877182266,64,0,400,0.2635073355694393,0.26353515625,0.264375,-0.3486365379053824,0.016739946690190202,0.49756127891592206,0.0011048093714510886,0.001216383243264411,0.001158235458881025,0.908274080203628,0.953872861497824,1.050203768100454,0.10012523486435178,False
3,12,0.4,0.5022522877182266,64,2,400,0.36329073774003023,0.363984375,0.36455078125,-0.28911448473927454,0.5189972432417215,0.8796489422395867,0.0007144876351033835,0.0008207526720854872,0.0008141952085033513,0.8705273335119457,0.8775384915575103,1.008053920624502,0.10012523486435178,False
3,12,0.4,0.5022522877182266,256,0,400,0.2635073355694393,0.263251953125,0.2635888671875,-0.28396891391459567,-0.3134906674722674,0.09452243937547769,0.0002654561781345454,0.00029760640366633133,0.00028955886472025626,0.8919706527288574,0.9167606676141773,1.0277924108932042,0.10012523486435178,False
3,12,0.4,0.5022522877182266,256,2,400,0.36329073774003023,0.3630224609375,0.3639111328125,-0.9005987082926461,-0.3881564694055738,0.8809090454023588,0.00019107883137867856,0.00019839674010312645,0.00020354880212583782,0.9631147733544209,0.9387371941425129,0.9746888118775258,0.10012523486435178,False
3,12,0.4,0.5022522877182266,1024,0,400,0.2635073355694393,0.263426513671875,0.26402587890625,-0.9757734536886635,-0.19581711478940877,1.1398820863122594,6.81422990665101e-05,8.277710816615207e-05,7.238971618006407e-05,0.8232022182960698,0.9413256835682456,1.1434926469424211,0.10012523486435178,False
3,12,0.4,0.5022522877182266,1024,2,400,0.36329073774003023,0.36310302734375,0.36368408203125,-1.1155662506737418,-0.5070367902229663,1.073573570235653,5.482235647980731e-05,5.3696016918746435e-05,5.0887200531459455e-05,1.0209762218073877,1.077330957632756,1.0551969131324195,0.10012523486435178,False
4,11,1.0,0.0034124373930072534,64,0,400,0.006655974175654805,0.00658203125,0.00689453125,-0.5817427561965461,-0.2047370812543703,0.5999192149170639,5.217473309739191e-05,6.324978400591323e-05,6.317165341656175e-05,0.824899782938612,0.8259200175329466,1.0012367982334778,0.10012523486435178,False
4,11,1.0,0.0034124373930072534,64,3,400,0.0005097166421368895,0.000234375,0.0005078125,-1.0309428519094717,-1.4105271565439141,-0.01060440320199705,1.5241962327694233e-05,1.2896927377036341e-05,1.3601442193662443e-05,1.1818289645356421,1.1206136901273738,0.9482029327041239,0.10012523486435178,False
4,11,1.0,0.0034124373930072534,256,0,400,0.006655974175654805,0.0063330078125,0.0066943359375,-1.321594406408775,-1.5921831450823019,0.20927055206765202,1.6458434867380855e-05,1.3441286588969984e-05,1.5792913354140438e-05,1.224468711268069,1.0421405157057952,0.8510960762946295,0.10012523486435178,False
4,11,1.0,0.0034124373930072534,256,3,400,0.0005097166421368895,0.0006982421875,0.0005517578125,1.143177221935815,2.129613556612097,0.4538027315633096,3.1347203075437624e-06,3.4330124245550397e-06,3.400360548415611e-06,0.9131106794494227,0.9218788016477774,1.0096024747007029,0.10012523486435178,False
4,11,1.0,0.0034124373930072534,1024,0,400,0.006655974175654805,0.00664306640625,0.00671142578125,-0.47371772491164355,-0.1327634191270438,0.5200096665556266,3.780990017386606e-06,4.548470776780208e-06,3.9482283385351095e-06,0.8312661997716759,0.9576421861126317,1.1520282989680892,0.10012523486435178,False
4,11,1.0,0.0034124373930072534,1024,3,400,0.0005097166421368895,0.000452880859375,0.000567626953125,-1.7833631663444842,-1.244187894172435,1.2780263116242894,8.347025491241226e-07,8.21281794019809e-07,8.500901371039027e-07,1.0163412305033879,0.981898874827318,0.966111425333979,0.10012523486435178,False
4,11,0.4,0.5398629562460578,64,0,400,0.2533791708308224,0.25341796875,0.2540234375,-0.2451660336642817,0.021505963472952038,0.3820028627596448,0.0013018443172139332,0.0011377794461740287,0.0012241553634556007,1.1441974291165127,1.063463311992547,0.9294403963253928,0.10012523486435178,False
4,11,0.4,0.5398629562460578,64,3,400,0.03205665322372677,0.03396484375,0.0342578125,-0.10483979018461842,0.997103552869403,1.0809583517571832,0.0014649504467957003,0.001658612779507362,0.0015349834045100532,0.8832383693744462,0.9543754300479186,1.0805411802069413,0.10012523486435178,False
4,11,0.4,0.5398629562460578,256,0,400,0.2533791708308224,0.253779296875,0.2531201171875,0.5331730914482727,0.4654073266730098,-0.29157267564243894,0.0002956563428529821,0.00031575174259960206,0.00030603884086390017,0.9363569632864941,0.966074574123958,1.0317374804723605,0.10012523486435178,False
4,11,0.4,0.5398629562460578,256,3,400,0.03205665322372677,0.031376953125,0.032705078125,-0.9668508111216765,-0.6748612060708074,0.69416709576207,0.0004057567280934269,0.0003490208025862998,0.0003837458511275133,1.1625574323556214,1.057357954232578,0.9095102958398503,0.10012523486435178,False
4,11,0.4,0.5398629562460578,1024,0,400,0.2533791708308224,0.25304443359375,0.25326416015625,-0.3724160811521446,-0.8352530973430008,-0.26561025905423724,6.424389387431898e-05,7.499746810224719e-05,7.650971021597504e-05,0.8566141697841397,0.8396828806823138,0.9802346380680436,0.10012523486435178,False
4,11,0.4,0.5398629562460578,1024,3,400,0.03205665322372677,0.0321240234375,0.032713623046875,-0.8372917752487484,0.1436542847065373,1.2506913403765862,8.797487818208851e-05,0.00011036987442121768,9.593646278187833e-05,0.7970914041846194,0.9170119017428096,1.1504476110627013,0.10012523486435178,False
4,12,1.0,0.0008551241455818778,64,0,400,0.0002412926980484662,0.00025390625,0.0003125,-0.4520224821005303,0.13574563953922336,0.7878623001212203,3.453687318883145e-06,3.2674459586466176e-06,3.6041709266348698e-06,1.0569990636704114,0.9582473720545136,0.9065735297125199,0.10012523486435178,False
4,12,1.0,0.0008551241455818778,64,3,400,-0.01683122735171854,-0.0170703125,-0.019453125,1.0175784610587464,-0.1459361008846098,-1.5670678230598358,0.0010735931014058584,0.0011197365973527568,0.0010797473989992794,0.958790758419445,0.9943002431873187,1.0370356977850002,0.10012523486435178,False
4,12,1.0,0.0008551241455818778,256,0,400,0.0002412926980484662,0.000205078125,0.0002197265625,-0.23149128895040222,-0.8006786730410619,-0.48732352895698683,8.182955863780546e-07,7.833753313337053e-07,9.010427316587174e-07,1.0445766590389016,0.9081651264992341,0.8694097447427385,0.10012523486435178,False
4,12,1.0,0.0008551241455818778,256,3,400,-0.01683122735171854,-0.0178515625,-0.0172216796875,-0.5547526649687351,-1.3230772827807116,-0.4685316424846235,0.00023788949301965852,0.0002777910113035886,0.00026993684974981985,0.8563613772213708,0.8812783183923827,1.0290962925626792,0.10012523486435178,False
4,12,1.0,0.0008551241455818778,1024,0,400,0.0002412926980484662,0.000234375,0.000257568359375,-0.6580655159108877,-0.28164583336041765,0.6438974188710979,2.4131067414630323e-07,2.555664918177707e-07,2.2526068291467936e-07,0.9442187527399624,1.0712507439112355,1.1345366111429667,0.10012523486435178,False
4,12,1.0,0.0008551241455818778,1024,3,400,-0.01683122735171854,-0.01683837890625,-0.01724365234375,0.7007223023854765,-0.017702083339244036,-0.9964911637302805,6.528480907430626e-05,6.85177411053115e-05,6.748421243745496e-05,0.952816132305993,0.9674086236808774,1.0153151178701896,0.10012523486435178,False
4,12,0.4,0.5721162733960296,64,0,400,0.06319302334554784,0.0640625,0.0641015625,-0.013931037067043371,0.4390739609288977,0.45765905539095136,0.0015685576245300752,0.0015763881750274124,0.0015759113289698784,0.9950326000782129,0.9953336813406817,1.0003025843197952,0.10012523486435178,False
4,12,0.4,0.5721162733960296,64,3,400,-0.398173658831821,-0.3997265625,-0.39736328125,-1.2883573250340954,-1.241207013346121,0.604106942537981,0.000626124331825658,0.0007197922632509008,0.0006701169502840468,0.8698681047192742,0.9343508346718564,1.074129318689518,0.10012523486435178,False
4,12,0.4,0.5721162733960296,256,0,400,0.06319302334554784,0.062939453125,0.062099609375,0.5845561293981117,-0.2482696449586289,-1.0821057003667631,0.0004172623904426594,0.00040840387941900653,0.0003939778322424696,1.021690565320425,1.0591011886827673,1.0366163930960932,0.10012523486435178,False
4,12,0.4,0.5721162733960296,256,3,400,-0.398173658831821,-0.398115234375,-0.3975146484375,-0.6549321613142749,0.09281121997145916,0.9882777879974859,0.00015850698141227088,0.00017786334331770592,0.0001675292375710117,0.8911728434629725,0.946145184628346,1.0616853863631646,0.10012523486435178,False
4,12,0.4,0.5721162733960296,1024,0,400,0.06319302334554784,0.06353271484375,0.063218994140625,0.44085770277087427,0.6761584692430529,0.05153047453006243,0.00010095605276581041,0.00010160198635923534,9.84944580606174e-05,0.9936425101853709,1.0249922153353852,1.0315502857704486,0.10012523486435178,False
4,12,0.4,0.5721162733960296,1024,3,400,-0.398173658831821,-0.398099365234375,-0.398265380859375,0.36496738114023003,0.23562421036630019,-0.2797541802836532,3.9767010468886914e-05,4.299858010801158e-05,4.188230939275292e-05,0.9248447360120491,0.9494942147523501,1.0266525588355404,0.10012523486435178,False
6,11,1.0,0.0015581586249235233,64,0,400,0.010880012650630305,0.01134765625,0.0098046875,1.3025803099981186,0.5427723711480152,-1.3228043192195635,0.0002969302987693844,0.0002643311770637531,0.0002901832399607224,1.123326813233873,1.0232510285899876,0.9109112473192164,0.10012523486435178,False
6,11,1.0,0.0015581586249235233,64,5,400,0.00029135835221784194,0.0003515625,0.00044921875,-0.523868356947001,0.46844782219507775,1.1690763327381057,6.606787966008772e-06,7.293242260925752e-06,6.293630146853547e-06,0.9058780347123905,1.049757899947741,1.1588291797813943,0.10012523486435178,False
6,11,1.0,0.0015581586249235233,256,0,400,0.010880012650630305,0.0112158203125,0.011220703125,-0.008391230817132602,0.8065546703207572,0.8380733330549008,6.93383611234507e-05,6.610220237483356e-05,7.25458099901806e-05,1.0489568975367334,0.9557872623220549,0.9111787763315454,0.10012523486435178,False
6,11,1.0,0.0015581586249235233,256,5,400,0.00029135835221784194,0.0002294921875,0.0003173828125,-0.995810686957814,-0.9720387393719494,0.42559616165055336,1.6203141750249649e-06,1.4956433671458921e-06,1.5734075367133867e-06,1.083355972832601,1.0298121352650689,0.950575952032153,0.10012523486435178,False
6,11,1.0,0.0015581586249235233,1024,0,400,0.010880012650630305,0.01071044921875,0.010648193359375,0.2178741817700823,-0.7981010459811937,-1.2132318184555215,1.8055462896973267e-05,1.460399095874681e-05,1.813645249754515e-05,1.2363375838821138,0.9955344298680877,0.8052286388820264,0.10012523486435178,False
6,11,1.0,0.0015581586249235233,1024,5,400,0.00029135835221784194,0.00029052734375,0.000262451171875,0.626166153969294,-0.026994400113898212,-0.8867143790882809,3.7907358996551445e-07,4.251125761142052e-07,3.9335188417834667e-07,0.8917016603707285,0.9637009639787096,1.0807437137417095,0.10012523486435178,False
6,11,0.4,0.5078205197080461,64,0,400,0.3265154490159058,0.32646484375,0.32994140625,-1.627337776653946,-0.032798548669768605,2.318536679976823,0.0009522306590450736,0.0008733652827136201,0.0009646329612123366,1.0903005625394362,0.9871429832216432,0.9053861083245459,0.10012523486435178,False
6,11,0.4,0.5078205197080461,64,5,400,0.037617674409202315,0.03708984375,0.037265625,-0.06918443504278549,-0.2910613159890685,-0.1978303121644107,0.0013154678535939458,0.0012667227149906015,0.0014742856343315969,1.0384813014138663,0.8922747552853589,0.8592111904860966,0.10012523486435178,False
6,11,0.4,0.5078205197080461,256,0,400,0.3265154490159058,0.327958984375,0.326875,0.9928314011900061,1.9484913298928395,0.4483206530882173,0.0002195421376622709,0.0002572784806253916,0.00024115824030308415,0.8533249151993151,0.9103654819605317,1.0668450736000055,0.10012523486435178,False
6,11,0.4,0.5078205197080461,256,5,400,0.037617674409202315,0.037783203125,0.036884765625,0.6798503724673084,0.17622749474692645,-0.7884132061256721,0.00035290624862326715,0.00034566233928938554,0.0003685714085828992,1.0209566056538693,0.9574976257114945,0.937843607073062,0.10012523486435178,False
6,11,0.4,0.5078205197080461,1024,0,400,0.3265154490159058,0.3266845703125,0.327293701171875,-1.0853700137042048,0.4462485587241408,1.8801537021613242,5.745170707989457e-05,6.853524156680383e-05,6.028956007577104e-05,0.8382797779138821,0.9529296118215178,1.1367679823947916,0.10012523486435178,False
6,11,0.4,0.5078205197080461,1024,5,400,0.037617674409202315,0.037520751953125,0.03843994140625,-1.3653785256394229,-0.20031973162371441,1.7566172194349066,9.363998894703418e-05,8.764586651833135e-05,9.21428521457248e-05,1.0683902466461341,1.0162479971744487,0.9511955021721986,0.10012523486435178,False
6,12,1.0,0.003935676496162383,64,0,400,-0.0014434536608836587,-0.00134765625,-0.0014453125,0.3467482102678598,0.48245422898314677,-0.009306904196690797,1.5770857196702698e-05,1.5956333705357144e-05,1.7386499187991452e-05,0.9883759946313874,0.9070749106062335,0.9177427573446126,0.10012523486435178,False
6,12,1.0,0.003935676496162383,64,5,400,0.0017538843644696429,0.00173828125,0.001953125,-0.71789017550107,-0.07370187455616826,0.9419143223404564,1.7927738658168857e-05,1.789752702067669e-05,1.8359352690472366e-05,1.001688034188034,0.9764907815879862,0.9748452095462309,0.10012523486435178,False
6,12,1.0,0.003935676496162383,256,0,400,-0.0014434536608836587,-0.00140625,-0.001240234375,-1.213269961504599,0.38209717504889623,2.113774352293799,3.792134143953634e-06,3.6971969413279294e-06,4.346624796997863e-06,1.0256781567582942,0.8724319031568573,0.8505903117935365,0.10012523486435178,False
6,12,1.0,0.003935676496162383,256,5,400,0.0017538843644696429,0.001748046875,0.001630859375,0.7857110065110838,-0.054184821543778454,-1.192740772327047,4.642553496779057e-06,4.255538596246475e-06,4.5898381726180914e-06,1.0909438116420662,1.0114852250075945,0.9271652803870144,0.10012523486435178,False
6,12,1.0,0.003935676496162383,1024,0,400,-0.0014434536608836587,-0.001395263671875,-0.0014794921875,1.1371653183192258,0.8986729611425214,-0.7053220073205085,1.1501918759262353e-06,1.0442853272708137e-06,1.0866561992494658e-06,1.1014153372548123,1.05846897732756,0.9610080244258332,0.10012523486435178,False
6,12,1.0,0.003935676496162383,1024,5,400,0.0017538843644696429,0.00167236328125,0.00182373046875,-2.0798384050590975,-1.6121155582870839,1.334441606966783,1.0228396059576433e-06,1.0958351288224223e-06,1.1474595431545229e-06,0.9333882251582686,0.8913949185046801,0.955009817435325,0.10012523486435178,False
6,12,0.4,0.5173406950427849,64,0,400,-0.07322717329061683,-0.0720703125,-0.0716015625,-0.17628389062738498,0.6103627428770406,0.8716437261645514,0.0014369649098331767,0.0013912818545386905,0.0014755648088084277,1.0328352268416765,0.973840593957766,0.9428808861755121,0.10012523486435178,False
6,12,0.4,0.5173406950427849,64,5,400,0.08757421213170588,0.08763671875,0.089296875,-0.6176394945424571,0.032728190413435436,0.9108085409213335,0.0014590427331757129,0.001430890458568296,0.001465729472658571,1.0196746539463162,0.9954379443085568,0.976230938423389,0.10012523486435178,False
6,12,0.4,0.5173406950427849,256,0,400,-0.07322717329061683,-0.07193359375,-0.0732568359375,0.9920887285968227,1.341742825258847,-0.03218292494768657,0.00037179856073288694,0.0003398042215141736,0.00036889120220210694,1.094155214070461,1.0078813441833918,0.9211502456163289,0.10012523486435178,False
6,12,0.4,0.5173406950427849,256,5,400,0.08757421213170588,0.0864453125,0.08705078125,-0.45182322658493385,-1.134516161652293,-0.583165576729903,0.0003960493274201127,0.00032225147524573146,0.00036643236816464274,1.2290070266338022,1.0808251721970223,0.8794296116901434,0.10012523486435178,False
6,12,0.4,0.5173406950427849,1024,0,400,-0.07322717329061683,-0.073114013671875,-0.073443603515625,0.48169774999331944,0.2213890215705585,-0.47580793335134963,0.00010450348668827449,8.276228169749554e-05,9.222280055052673e-05,1.262694606103844,1.1331632314832973,0.8974167039326896,0.10012523486435178,False
6,12,0.4,0.5173406950427849,1024,5,400,0.08757421213170588,0.08751220703125,0.08821533203125,-1.0614359618682558,-0.13071202728954792,1.3865832292652591,9.000854085860097e-05,8.551585046868575e-05,9.160809204116068e-05,1.052536346949626,0.9825391933515981,0.9334966875007329,0.10012523486435178,False
