bin_low,bin_high,log10_abs_g_mid,benchmark,shots,n_in_bin,n_used,mean_p_zero,median_p_zero,mean_p_correct,median_p_correct,mean_p_wrong,mean_estimator_sd,mean_abs_g,mean_p_pos,mean_p_neg
-9.5,-9.0,-9.25,parity,64,237,237,0.07038609217001529,0.07038609217001489,0.4648069596455403,0.46480695953995765,0.46480694818444446,0.044194173824159244,6.360618195498746e-10,0.5000000000357215,0.4999999999642784
-9.5,-9.0,-9.25,parity,1024,237,237,0.017628772404873514,0.01762877240486446,0.4911856367614939,0.49118563633914736,0.49118559083363267,0.011048543456039811,6.360618195498746e-10,0.5000000000357215,0.4999999999642784
-9.5,-9.0,-9.25,parity,16384,237,237,0.004407697493292023,0.004407697493322685,0.4977962431245952,0.4977962414335708,0.49779605938211274,0.0027621358640099528,6.360618195498746e-10,0.5000000000357215,0.4999999999642784
-9.5,-9.0,-9.25,projector,64,4257,4000,0.9999993061830792,0.999999877998719,3.853182573643676e-07,1.0587326192465892e-07,3.0849866335692884e-07,3.837555382525566e-06,6.001532965504987e-10,5.420301496908345e-09,5.422709307382783e-09
-9.5,-9.0,-9.25,projector,1024,4257,4000,0.9999889314493339,0.9999980479819282,6.148828684385e-06,1.6939708149426363e-06,4.919721981645348e-06,9.593888456313914e-07,6.001532965504987e-10,5.420301496908345e-09,5.422709307382783e-09
-9.5,-9.0,-9.25,projector,16384,4257,4000,0.9998303508806932,0.9999687683313412,9.465656759010787e-05,2.7103180728058117e-05,7.499255171675228e-05,2.3984721140784786e-07,6.001532965504987e-10,5.420301496908345e-09,5.422709307382783e-09
-9.0,-8.5,-8.75,parity,64,373,373,0.07038609217001522,0.07038609217001489,0.46480697173737906,0.4648069713987687,0.4648069360926058,0.04419417382415924,1.978194717740289e-09,0.5000000000211366,0.4999999999788633
-9.0,-8.5,-8.75,parity,1024,373,373,0.017628772404874222,0.017628772404865555,0.4911856852174463,0.49118568385976163,0.4911855423776794,0.01104854345603981,1.978194717740289e-09,0.5000000000211366,0.4999999999788633
-9.0,-8.5,-8.75,parity,16384,373,373,0.0044076974932899145,0.004407697493319021,0.4977964369706637,0.49779643154084585,0.49779586553604627,0.0027621358640099523,1.978194717740289e-09,0.5000000000211366,0.4999999999788633
-9.0,-8.5,-8.75,projector,64,4856,4000,0.9999968087689061,0.9999996194485918,1.717056810210304e-06,3.314500030518847e-07,1.474174283801586e-06,6.879683202554149e-06,1.8975229339080676e-09,2.4942491265569274e-08,2.4977470977217875e-08
-9.0,-8.5,-8.75,projector,1024,4856,4000,0.9999497971226468,0.9999939111978635,2.7044449604344424e-05,5.3031850670315465e-06,2.3158427748990865e-05,1.7199208006385372e-06,1.8975229339080676e-09,2.4942491265569274e-08,2.4977470977217875e-08
-9.0,-8.5,-8.75,projector,16384,4856,4000,0.9993476911923642,0.9999025843866054,0.00035723177560553554,8.484712584533803e-05,0.0002950770320302279,4.299802001596343e-07,1.8975229339080676e-09,2.4942491265569274e-08,2.4977470977217875e-08
-8.5,-8.0,-8.25,parity,64,647,647,0.07038609217001417,0.07038609217001389,0.46480701029526955,0.46480700834912403,0.46480689753471616,0.04419417382415922,6.257925378414581e-09,0.5000000004613729,0.4999999995386271
-8.5,-8.0,-8.25,parity,1024,647,647,0.017628772404869476,0.017628772404863206,0.4911858397317107,0.4911858319335399,0.49118538786341975,0.011048543456039806,6.257925378414581e-09,0.5000000004613729,0.4999999995386271
-8.5,-8.0,-8.25,parity,16384,647,647,0.004407697493275359,0.004407697493290764,0.4977970550982962,0.4977970239002138,0.49779524740842845,0.0027621358640099515,6.257925378414581e-09,0.5000000004613729,0.4999999995386271
-8.5,-8.0,-8.25,projector,64,5620,4000,0.9999931149594639,0.9999988055793708,3.825460516384051e-06,1.0432376779871623e-06,3.0595800198785535e-06,1.185523254395839e-05,5.9834596428575186e-09,5.398902732714058e-08,5.389743839883318e-08
-8.5,-8.0,-8.25,projector,1024,5620,4000,0.9998941954990103,0.9999808894479427,5.902901474298955e-05,1.6691601538723336e-05,4.6775486246668464e-05,2.9638081359895974e-06,5.9834596428575186e-09,5.398902732714058e-08,5.389743839883318e-08
-8.5,-8.0,-8.25,projector,16384,5620,4000,0.9987246697711131,0.9996942767325294,0.0007356318302323128,0.00026701409792867774,0.000539698398654553,7.409520339973993e-07,5.9834596428575186e-09,5.398902732714058e-08,5.389743839883318e-08
-8.0,-7.5,-7.75,parity,64,1070,1070,0.07038609217000723,0.07038609217000838,0.46480713176822086,0.46480712732467383,0.4648067760617719,0.04419417382415918,1.974080776020544e-08,0.49999999923916516,0.5000000007608348
-8.0,-7.5,-7.75,parity,1024,1070,1070,0.01762877240484301,0.01762877240484601,0.49118632651393074,0.49118630870713714,0.49118490108122626,0.011048543456039795,1.974080776020544e-08,0.49999999923916516,0.5000000007608348
-8.0,-7.5,-7.75,parity,16384,1070,1070,0.004407697493160708,0.004407697493175849,0.4977990024502898,0.4977989312149831,0.4977933000565493,0.002762135864009949,1.974080776020544e-08,0.49999999923916516,0.5000000007608348
-8.0,-7.5,-7.75,projector,64,5980,4000,0.9999724057312227,0.9999962326764602,1.5015900581456117e-05,3.269179260322158e-06,1.2578368195799293e-05,2.1189901417459607e-05,1.9043551326187386e-08,2.197929434144804e-07,2.196735956974767e-07
-8.0,-7.5,-7.75,projector,1024,5980,4000,0.9996429988595531,0.9999397249809693,0.0001979965813733303,5.230479407716197e-05,0.00015900455907355308,5.297475354364902e-06,1.9043551326187386e-08,2.197929434144804e-07,2.196735956974767e-07
-8.0,-7.5,-7.75,projector,16384,5980,4000,0.9963075329098379,0.9990361517913727,0.0021575502552392003,0.0008363460316144091,0.001534916834922933,1.3243688385912254e-06,1.9043551326187386e-08,2.197929434144804e-07,2.196735956974767e-07
-7.5,-7.0,-7.25,parity,64,1688,1688,0.0703860921699385,0.07038609216994918,0.46480751290829486,0.46480749915241604,0.46480639492176673,0.04419417382415884,6.204542320865762e-08,0.49999999988671096,0.500000000113289
-7.5,-7.0,-7.25,parity,1024,1688,1688,0.017628772404567113,0.017628772404608764,0.49118785386834524,0.4911877987447908,0.4911833737270877,0.01104854345603971,6.204542320865762e-08,0.49999999988671096,0.500000000113289
-7.5,-7.0,-7.25,parity,16384,1688,1688,0.004407697492060725,0.004407697492232486,0.49780511256704557,0.49780489204595035,0.4977871899408938,0.0027621358640099276,6.204542320865762e-08,0.49999999988671096,0.500000000113289
-7.5,-7.0,-7.25,projector,64,6486,4000,0.9997456954138627,0.9999881521115026,0.0001309854466298831,1.039927452661793e-05,0.00012331913950742172,4.01997557333826e-05,5.990928894827562e-08,8.67316087402655e-06,8.674067867081137e-06
-7.5,-7.0,-7.25,projector,1024,6486,4000,0.9989640633285182,0.9998104513096797,0.000579265482220839,0.00016637478058181973,0.000456671189260929,1.004993893334565e-05,5.990928894827562e-08,8.67316087402655e-06,8.674067867081137e-06
-7.5,-7.0,-7.25,projector,16384,6486,4000,0.9906655604054693,0.9969717168942012,0.005643180562858675,0.0026585028239898114,0.003691259031672155,2.5124847333364123e-06,5.990928894827562e-08,8.67316087402655e-06,8.674067867081137e-06
-7.0,-6.5,-6.75,parity,64,2564,2564,0.07038609216923891,0.07038609216935168,0.4648087338922898,0.46480868337673864,0.4648051739384713,0.04419417382415541,1.9756842830320034e-07,0.4999999995553471,0.5000000004446529
-7.0,-6.5,-6.75,parity,1024,2564,2564,0.017628772401763377,0.017628772402214922,0.4911927467551782,0.49119254432267706,0.4911784808430584,0.011048543456038852,1.9756842830320034e-07,0.4999999995553471,0.5000000004446529
-7.0,-6.5,-6.75,parity,16384,2564,2564,0.0044076974808449215,0.004407697482643471,0.497824686354271,0.4978238765318323,0.4977676161648841,0.002762135864009713,1.9756842830320034e-07,0.4999999995553471,0.5000000004446529
-7.0,-6.5,-6.75,projector,64,6911,4000,0.9998280314017435,0.9999625855979031,9.810877469103612e-05,3.2483970406793984e-05,7.385982356550267e-05,6.455600645134235e-05,1.8946165533313615e-07,1.3844799109039337e-06,1.3606852961036633e-06
-7.0,-6.5,-6.75,projector,1024,6911,4000,0.9977396671270764,0.9994015812550134,0.0013239313902090677,0.0005196051706157946,0.000936401482714607,1.6139001612835586e-05,1.8946165533313615e-07,1.3844799109039337e-06,1.3606852961036633e-06
-7.0,-6.5,-6.75,projector,16384,6911,4000,0.9758727933975745,0.9904733410950884,0.015123890533835229,0.008263315124755425,0.009003316068590202,4.034750403208897e-06,1.8946165533313615e-07,1.3844799109039337e-06,1.3606852961036633e-06
-6.5,-6.0,-6.25,parity,64,3811,3811,0.07038609216244626,0.07038609216370383,0.46481251250685407,0.4648122858671919,0.4648013953306997,0.0441941738241221,6.169751440192798e-07,0.4999999953457772,0.5000000046542228
-6.5,-6.0,-6.25,parity,1024,3811,3811,0.017628772374543432,0.017628772379583164,0.49120788891385914,0.49120698069449215,0.4911633387115974,0.011048543456030525,6.169751440192798e-07,0.4999999953457772,0.5000000046542228
-6.5,-6.0,-6.25,parity,16384,3811,3811,0.004407697371951458,0.004407697392138284,0.49788526192004645,0.49788162862468544,0.49770704070800215,0.0027621358640076313,6.169751440192798e-07,0.4999999953457772,0.5000000046542228
-6.5,-6.0,-6.25,projector,64,7376,4000,0.9994789407373922,0.9998816807274491,0.00029877988805079305,0.00010222189379212277,0.0002222793745569807,0.00011532524586679727,5.978386183881357e-07,4.249162282964617e-06,4.231825035757829e-06
-6.5,-6.0,-6.25,projector,1024,7376,4000,0.9936424031187024,0.9981086718613401,0.003788662663484396,0.0016339785992613932,0.002568934217813216,2.8831311466699317e-05,5.978386183881357e-07,4.249162282964617e-06,4.231825035757829e-06
-6.5,-6.0,-6.25,projector,16384,7376,4000,0.9381639438666686,0.9702089920901819,0.04034724206906149,0.025715475494282335,0.021488814064269966,7.207827866674829e-06,5.978386183881357e-07,4.249162282964617e-06,4.231825035757829e-06
-6.0,-5.5,-5.75,parity,64,5474,4000,0.07038609209491012,0.07038609210628784,0.46482447773680746,0.4648238970812951,0.46478943016828245,0.0441941738237908,1.9450513643316265e-06,0.5000000108235321,0.49999998917646793
-6.0,-5.5,-5.75,parity,1024,5474,4000,0.017628772103903623,0.017628772149500968,0.4912558375485324,0.49125351066916445,0.49111539034756396,0.0110485434559477,1.9450513643316265e-06,0.5000000108235321,0.49999998917646793
-6.0,-5.5,-5.75,parity,16384,5474,4000,0.004407696289268055,0.004407696471641569,0.4980770783814801,0.4980677698095206,0.4975152253292519,0.002762135863986925,1.9450513643316265e-06,0.5000000108235321,0.49999998917646793
-6.0,-5.5,-5.75,projector,64,7580,4000,0.9988067774821021,0.9996344700967723,0.0007178524750187469,0.00032032330990639565,0.00047537004287913955,0.00019977172732215192,1.8956478336616743e-06,9.526670293306752e-06,9.53918541869272e-06
-6.0,-5.5,-5.75,projector,1024,7580,4000,0.9841115695931014,0.9941700506786928,0.009867195049291622,0.005110333349730104,0.006021235357606942,4.994293183053798e-05,1.8956478336616743e-06,9.526670293306752e-06,9.53918541869272e-06
-6.0,-5.5,-5.75,projector,16384,7580,4000,0.85501838889009,0.9114392650558314,0.10073667317874856,0.07764218594052655,0.04424493793116151,1.2485732957634495e-05,1.8956478336616743e-06,9.526670293306752e-06,9.53918541869272e-06
-5.5,-5.0,-5.25,parity,64,7215,4000,0.07038609142616886,0.07038609154307687,0.4648621354066638,0.4648600972185805,0.4647517731671673,0.044194173820510406,6.12482504030731e-06,0.5000000176375751,0.49999998236242493
-5.5,-5.0,-5.25,parity,1024,7215,4000,0.017628769424036194,0.017628769892509666,0.49140674427718234,0.49139857658835867,0.4909644862987815,0.011048543455127601,6.12482504030731e-06,0.5000000176375751,0.49999998236242493
-5.5,-5.0,-5.25,parity,16384,7215,4000,0.0044076855685934915,0.004407687442776259,0.4986807735177674,0.4986480993050028,0.4969115409136391,0.0027621358637819004,6.12482504030731e-06,0.5000000176375751,0.49999998236242493
-5.5,-5.0,-5.25,projector,64,7871,4000,0.9962962042052624,0.9988558659488582,0.0022304789064009965,0.0009962970900938481,0.0014733168883365362,0.00034857665291591677,5.928127489988109e-06,3.196710444929216e-05,3.2168802897467344e-05
-5.5,-5.0,-5.25,projector,1024,7871,4000,0.960325913280926,0.9818941304547528,0.025761481860303487,0.015791141308724756,0.013912604858770503,8.714416322897919e-05,5.928127489988109e-06,3.196710444929216e-05,3.2168802897467344e-05
-5.5,-5.0,-5.25,projector,16384,7871,4000,0.6958688367157835,0.7522123755067298,0.230254940766701,0.216373923745037,0.07387622251751558,2.1786040807244798e-05,5.928127489988109e-06,3.196710444929216e-05,3.2168802897467344e-05
-5.0,-4.5,-4.75,parity,64,9389,4000,0.07038608471806448,0.07038608584938458,0.4649813798207605,0.4649756953556009,0.464632535461175,0.044194173787604936,1.9359979993629268e-05,0.4999998399981362,0.5000001600018639
-5.0,-4.5,-4.75,parity,1024,9389,4000,0.01762874254247501,0.017628747076029447,0.49188459566774917,0.49186181627401876,0.4904866617897758,0.011048543446901234,1.9359979993629268e-05,0.4999998399981362,0.5000001600018639
-5.0,-4.5,-4.75,parity,16384,9389,4000,0.004407578032112098,0.004407596167415026,0.5005923704037141,0.5005012512895635,0.49500005156417387,0.0027621358617253085,1.9359979993629268e-05,0.4999998399981362,0.5000001600018639
-5.0,-4.5,-4.75,projector,64,8158,4000,0.9885340893887091,0.9963829584997681,0.006927130826381161,0.0031429535475552307,0.004538779784909597,0.0006420960500816075,1.8783325902630508e-05,0.00014648751496901347,0.00014686477768749111
-5.0,-4.5,-4.75,projector,1024,8158,4000,0.8998678676985552,0.9438906736097257,0.06811460383631457,0.04875024568916622,0.032017528465130285,0.00016052401252040187,1.8783325902630508e-05,0.00014648751496901347,0.00014686477768749111
-5.0,-4.5,-4.75,projector,16384,8158,4000,0.4252861542134588,0.43035969326650064,0.4737210077406517,0.48388385259952693,0.10099283804588959,4.013100313010047e-05,1.8783325902630508e-05,0.00014648751496901347,0.00014686477768749111
-4.5,-4.0,-4.25,parity,64,11496,4000,0.07038602011606815,0.07038603250289233,0.4653486839028753,0.4653254266356327,0.46426529598105654,0.04419417347071061,6.012531238177439e-05,0.49999995849399137,0.5000000415060086
-4.5,-4.0,-4.25,parity,1024,11496,4000,0.017628483663959967,0.017628533300495117,0.49335649172653184,0.49326329671825986,0.4890150246095082,0.011048543367677653,6.012531238177439e-05,0.49999995849399137,0.5000000415060086
-4.5,-4.0,-4.25,parity,16384,11496,4000,0.004406542595285517,0.004406741063606881,0.5064798015610236,0.5061072704305158,0.48911365584369093,0.0027621358419194133,6.012531238177439e-05,0.49999995849399137,0.5000000415060086
-4.5,-4.0,-4.25,projector,64,7902,4000,0.9747856480938363,0.9889493551936538,0.016359184861332757,0.009781985352118607,0.008855167044830935,0.0010688403617824748,5.947230527684513e-05,0.00027107341810429753,0.0002739891389069518
-4.5,-4.0,-4.25,projector,1024,7902,4000,0.7803886089195199,0.8391156691985816,0.16241185226073424,0.1423366519266534,0.057199538819745925,0.0002672100904456187,5.947230527684513e-05,0.00027107341810429753,0.0002739891389069518
-4.5,-4.0,-4.25,projector,16384,7902,4000,0.14833853201838973,0.13079886361083976,0.7680655296239339,0.7666207078477565,0.08359593835767636,6.680252261140467e-05,5.947230527684513e-05,0.00027107341810429753,0.0002739891389069518
-4.0,-3.5,-3.75,parity,64,13438,4000,0.07038537429364904,0.07038549567924651,0.46651683069393846,0.46644646359673286,0.46309779501241244,0.04419417030271417,0.0001897485922376224,0.4999975386072792,0.5000024613927209
-4.0,-3.5,-3.75,parity,1024,13438,4000,0.017625895943602376,0.017626382220933656,0.4980372353514755,0.49775539311493755,0.48433686870492215,0.011048542575678543,0.0001897485922376224,0.4999975386072792,0.5000024613927209
-4.0,-3.5,-3.75,parity,16384,13438,4000,0.004396209942415544,0.004398145380453985,0.525178897468176,0.5240604675728082,0.4704248925894084,0.0027621356439196357,0.0001897485922376224,0.4999975386072792,0.5000024613927209
-4.0,-3.5,-3.75,projector,64,8007,4000,0.9336401518384272,0.9646208538949858,0.044717990059883805,0.030955496387096937,0.021641858101689043,0.001913788895902127,0.0001874977744677252,0.0008634364488911423,0.0008651543958344177
-4.0,-3.5,-3.75,projector,1024,8007,4000,0.545785493914548,0.578750806782121,0.361565027938657,0.36446587522979057,0.09264947814679497,0.00047844722397553176,0.0001874977744677252,0.0008634364488911423,0.0008651543958344177
-4.0,-3.5,-3.75,projector,16384,8007,4000,0.022590501969425796,0.019088871183044268,0.9327438205417077,0.9694295965484405,0.04466567748886659,0.00011961180599388294,0.0001874977744677252,0.0008634364488911423,0.0008651543958344177
-3.5,-3.0,-3.25,parity,64,14985,4000,0.07037884343166108,0.07038011158431452,0.4702404273157134,0.4700003611408555,0.4593807292526255,0.04419413826416545,0.0006027103096874342,0.4999965902926393,0.5000034097073607
-3.5,-3.0,-3.25,parity,1024,14985,4000,0.017599755687478322,0.01760482148598369,0.5129458288950245,0.5119884737701921,0.4694544154174971,0.011048534566041362,0.0006027103096874342,0.4999965902926393,0.5000034097073607
-3.5,-3.0,-3.25,parity,16384,14985,4000,0.004293596040629235,0.004312853012700639,0.5839927612198432,0.5804548850570301,0.41171364273952743,0.0027621336415103405,0.0006027103096874342,0.4999965902926393,0.5000034097073607
-3.5,-3.0,-3.25,projector,64,7851,4000,0.8416693355780922,0.8927236081335858,0.11369216054179168,0.09374242376730374,0.04463850388011623,0.0033173940290141877,0.0005961238952922317,0.002231940805378263,0.0022307272500406788
-3.5,-3.0,-3.25,projector,1024,7851,4000,0.2500870634242887,0.22719998547028816,0.6532426487849042,0.6404914804780064,0.09667028779080712,0.0008293485072535469,0.0005961238952922317,0.002231940805378263,0.0022307272500406788
-3.5,-3.0,-3.25,projector,16384,7851,4000,0.0022475381254066997,6.089305267010621e-05,0.9831398821999826,0.999901511996439,0.014612579674610784,0.00020733712681338673,0.0005961238952922317,0.002231940805378263,0.0022307272500406788
-3.0,-2.5,-2.75,parity,64,15740,4000,0.07031586719401037,0.07032941036319071,0.48173260619966757,0.4808134473379185,0.4479515266063221,0.044193829106645724,0.0018755072118748011,0.49995357758729936,0.5000464224127006
-3.0,-2.5,-2.75,parity,1024,15740,4000,0.017350305209374497,0.01740299639235352,0.5586052715769274,0.5550713134442897,0.4240444232136981,0.011048457276661431,0.0018755072118748011,0.49995357758729936,0.5000464224127006
-3.0,-2.5,-2.75,parity,16384,15740,4000,0.003457704011480281,0.0035862712051286955,0.7442930326126213,0.7378482758072217,0.25224926337589854,0.0027621143191653577,0.0018755072118748011,0.49995357758729936,0.5000464224127006
-3.0,-2.5,-2.75,projector,64,7570,4000,0.6621808514095717,0.7100681007975297,0.2626524397573403,0.2538147991353932,0.0751667088330881,0.005712399180906189,0.0018610875819153885,0.006357925632602935,0.006197938259600399
-3.0,-2.5,-2.75,projector,1024,7570,4000,0.05458953344111311,0.050052446249499505,0.8870833821946401,0.9105897550574141,0.0583270843642468,0.0014280997952265473,0.0018610875819153885,0.006357925632602935,0.006197938259600399
-3.0,-2.5,-2.75,projector,16384,7570,4000,0.0001961347938488535,3.7851856024298174e-12,0.9962950397142886,0.9999999999935931,0.00350882549186278,0.00035702494880663683,0.0018610875819153885,0.006357925632602935,0.006197938259600399
-2.5,-2.0,-2.25,parity,64,15709,4000,0.06967699246822645,0.06981327604931109,0.5187855116485242,0.5158567482783041,0.4115374958832494,0.0441906707546515,0.005975949740361173,0.4998242942525865,0.5001757057474134
-2.5,-2.0,-2.25,parity,1024,15709,4000,0.01506595410710964,0.015468232782255033,0.6951226943219754,0.6876941332724269,0.2898113515709149,0.011047667688662876,0.005975949740361173,0.4998242942525865,0.5001757057474134
-2.5,-2.0,-2.25,parity,16384,15709,4000,0.0007735363047187623,0.0005441390406969423,0.9635394998963661,0.9793211835414117,0.03568696379891501,0.002761916922165719,0.005975949740361173,0.4998242942525865,0.5001757057474134
-2.5,-2.0,-2.25,projector,64,7106,4000,0.3807617956217987,0.37173521791463016,0.52942546622006,0.5298577788080003,0.08981273815814124,0.009521918072892219,0.005909295946754318,0.015671909179174316,0.0152836229848951
-2.5,-2.0,-2.25,projector,1024,7106,4000,0.0053713449121029965,0.0011818821798384714,0.9775670934780235,0.9982910616759684,0.01706156160987359,0.0023804795182230548,0.005909295946754318,0.015671909179174316,0.0152836229848951
-2.5,-2.0,-2.25,projector,16384,7106,4000,6.520008490361719e-06,7.346858726422749e-36,0.9998117508463821,1.0,0.00018172914513633616,0.0005951198795557637,0.005909295946754318,0.015671909179174316,0.0152836229848951
-2.0,-1.5,-1.75,parity,64,14771,4000,0.0638931689700853,0.06508564767937429,0.629713378571536,0.6210113795278646,0.30639345245837873,0.0441600912961768,0.018641812716251132,0.5002243701034673,0.4997756298965328
-2.0,-1.5,-1.75,parity,1024,14771,4000,0.005310933048732767,0.005037280150809575,0.9285022299432631,0.9407285544430725,0.0661868370080041,0.0110400228240442,0.018641812716251132,0.5002243701034673,0.4997756298965328
-2.0,-1.5,-1.75,parity,16384,14771,4000,3.6456763189303856e-07,8.705557391125495e-12,0.9999917445861495,0.9999999998757421,7.890846224530084e-06,0.00276000570601105,0.018641812716251132,0.5002243701034673,0.4997756298965328
-2.0,-1.5,-1.75,projector,64,6471,4000,0.11615395617347345,0.10553482026170961,0.8242103051643042,0.827626238082045,0.05963573866222249,0.015486534221739913,0.018339846424622885,0.03883772643413614,0.03965165257037488
-2.0,-1.5,-1.75,projector,1024,6471,4000,0.00029782765762231144,7.588343906491651e-09,0.9978740462734925,0.9999999882410106,0.0018281260688853265,0.003871633555434978,0.018339846424622885,0.03883772643413614,0.03965165257037488
-2.0,-1.5,-1.75,projector,16384,6471,4000,7.503059532413675e-10,6.787102852196638e-118,0.9999999856232714,1.0,1.362642265420499e-08,0.0009679083888587445,0.018339846424622885,0.03883772643413614,0.03965165257037488
-1.5,-1.0,-1.25,parity,64,12714,4000,0.031348347122620926,0.03247000245006067,0.8716143420819805,0.8765551458181027,0.09703731079539843,0.04386046253754625,0.05823393444209575,0.4997480032474044,0.5002519967525956
-1.5,-1.0,-1.25,parity,1024,12714,4000,2.695958576688202e-05,7.415675490750814e-08,0.9998064440377643,0.9999996368629169,0.0001665963764695061,0.010965115634386563,0.05823393444209575,0.4997480032474044,0.5002519967525956
-1.5,-1.0,-1.25,parity,16384,12714,4000,1.0810835815904764e-33,8.2297895666171e-91,0.9999999999993231,1.0,6.768712812466049e-13,0.002741278908596641,0.05823393444209575,0.4997480032474044,0.5002519967525956
-1.5,-1.0,-1.25,projector,64,4915,4000,0.01192025788971959,0.005810811079737251,0.9749974996863072,0.9919864102023382,0.013082242423973196,0.02412613968548529,0.05720908212192816,0.09580935837779435,0.09812800910797281
-1.5,-1.0,-1.25,projector,1024,4915,4000,2.856988983910055e-07,2.406576420896287e-27,0.9999983714700162,1.0,1.342831085629532e-06,0.006031534921371323,0.05720908212192816,0.09580935837779435,0.09812800910797281
-1.5,-1.0,-1.25,projector,16384,4915,4000,4.4609322708539105e-44,0.0,0.999999999999102,1.0,8.979656185292839e-13,0.0015078837303428307,0.05720908212192816,0.09580935837779435,0.09812800910797281
-1.0,-0.5,-0.75,parity,64,7621,4000,0.0008615467555057693,8.877260711911564e-05,0.9978499993241869,0.9998228927628526,0.00128845392030733,0.04114292172240275,0.17160448824046293,0.4946719187992858,0.5053280812007143
-1.0,-0.5,-0.75,parity,1024,7621,4000,1.5355791445972676e-22,7.226537759812535e-49,0.9999999999999593,1.0,4.071953900437677e-14,0.010285730430600687,0.17160448824046293,0.4946719187992858,0.5053280812007143
-1.0,-0.5,-0.75,parity,16384,7621,4000,0.0,0.0,0.9999999999993504,1.0,6.496713722548009e-13,0.0025714326076501717,0.17160448824046293,0.4946719187992858,0.5053280812007143
-1.0,-0.5,-0.75,projector,64,2778,2778,8.991917969446594e-05,5.497190747135525e-08,0.9998108117071413,0.9999999332643168,9.926911316449012e-05,0.032006274929601876,0.17001788430348483,0.22055585037421763,0.21970957499249746
-1.0,-0.5,-0.75,projector,1024,2778,2778,1.7591076499319564e-24,1.4574606486182576e-107,0.9999999999999365,1.0,6.351282990605661e-14,0.008001568732400469,0.17001788430348483,0.22055585037421763,0.21970957499249746
-1.0,-0.5,-0.75,projector,16384,2778,2778,0.0,0.0,0.9999999999993711,1.0,6.289652424195077e-13,0.0020003921831001172,0.17001788430348483,0.22055585037421763,0.21970957499249746
-0.5,0.0,-0.25,parity,64,766,766,2.4076814193519793e-17,5.032412354195923e-22,0.9999999999999943,1.0,5.726257368394449e-15,0.029132034817411213,0.36952013508585846,0.501490192616463,0.49850980738353695
-0.5,0.0,-0.25,parity,1024,766,766,1.1273342044306248e-264,0.0,0.9999999999999427,1.0,5.730968354360425e-14,0.007283008704352803,0.36952013508585846,0.501490192616463,0.49850980738353695
-0.5,0.0,-0.25,parity,16384,766,766,0.0,0.0,0.9999999999994936,1.0,5.063328636553235e-13,0.0018207521760882008,0.36952013508585846,0.501490192616463,0.49850980738353695
-0.5,0.0,-0.25,projector,64,287,287,3.696959557990429e-18,1.9625535821877356e-30,0.999999999999995,1.0,4.958540110831843e-15,0.027055764509143224,0.3735112347700676,0.3892908372983949,0.41464573960074114
-0.5,0.0,-0.25,projector,1024,287,287,1.71031379240608e-266,0.0,0.9999999999999507,1.0,4.93681750531925e-14,0.006763941127285806,0.3735112347700676,0.3892908372983949,0.41464573960074114
-0.5,0.0,-0.25,projector,16384,287,287,0.0,0.0,0.9999999999994275,1.0,5.726735384780687e-13,0.0016909852818214515,0.3735112347700676,0.3892908372983949,0.41464573960074114
