benchmark,n,shots,seed,iters,eta,frac_zero_steps,frac_nonzero_descent,frac_nonzero_ascent_or_orthogonal,mean_cos_nonzero,cost_start,cost_end,cost_change
parity,6,0,0,300,0.3,0.0,1.0,0.0,1.0,0.4332269242719415,0.0,-0.4332269242719415
parity,6,0,1,300,0.3,0.0,1.0,0.0,1.0,0.49873277935244453,0.0,-0.49873277935244453
parity,6,0,2,300,0.3,0.0,1.0,0.0,1.0,0.5018209563963126,0.0,-0.5018209563963126
parity,6,0,3,300,0.3,0.0,1.0,0.0,1.0,0.498037698978655,0.0,-0.498037698978655
parity,6,0,4,300,0.3,0.0,1.0,0.0,1.0,0.504038599133682,0.0,-0.504038599133682
parity,6,0,5,300,0.3,0.0,1.0,0.0,1.0,0.5004555690907525,0.0,-0.5004555690907525
parity,6,0,6,300,0.3,0.0,1.0,0.0,1.0,0.49982824386551594,0.0,-0.49982824386551594
parity,6,0,7,300,0.3,0.0,1.0,0.0,1.0,0.5626101983395877,0.0,-0.5626101983395877
parity,6,0,8,300,0.3,0.0,1.0,0.0,1.0,0.40739858411156393,0.0,-0.40739858411156393
parity,6,0,9,300,0.3,0.0,1.0,0.0,1.0,0.4870698473878377,0.0,-0.4870698473878377
parity,6,0,10,300,0.3,0.0,1.0,0.0,1.0,0.49933264112656794,0.0,-0.49933264112656794
parity,6,0,11,300,0.3,0.0,1.0,0.0,1.0,0.5020556781908284,0.0,-0.5020556781908284
parity,6,0,12,300,0.3,0.0,1.0,0.0,1.0,0.5480544763617154,0.0,-0.5480544763617154
parity,6,0,13,300,0.3,0.0,1.0,0.0,1.0,0.5482954116000366,0.0,-0.5482954116000366
parity,6,0,14,300,0.3,0.0,1.0,0.0,1.0,0.5433182391829883,0.0,-0.5433182391829883
parity,6,0,15,300,0.3,0.0,1.0,0.0,1.0,0.500056071265051,0.5000165580722612,-3.9513192789830676e-05
parity,6,0,16,300,0.3,0.0,1.0,0.0,1.0,0.15182474450149958,0.0,-0.15182474450149958
parity,6,0,17,300,0.3,0.0,1.0,0.0,1.0,0.541495669020744,0.0,-0.541495669020744
parity,6,0,18,300,0.3,0.0,1.0,0.0,1.0,0.5156747287869218,0.0,-0.5156747287869218
parity,6,0,19,300,0.3,0.0,1.0,0.0,1.0,0.5322164500611108,0.0,-0.5322164500611108
parity,6,64,0,300,0.3,0.0,0.7766666666666666,0.22333333333333333,0.31336910374931787,0.4332269242719415,0.0024091619576699363,-0.43081776231427155
parity,6,64,1,300,0.3,0.0,0.7466666666666667,0.25333333333333335,0.30514816818779317,0.49873277935244453,0.0009419508278156186,-0.4977908285246289
parity,6,64,2,300,0.3,0.0,0.62,0.38,0.1900178505010268,0.5018209563963126,0.000546562584643584,-0.501274393811669
parity,6,64,3,300,0.3,0.0,0.78,0.22,0.33287339631174,0.498037698978655,0.0009160308967522957,-0.4971216680819027
parity,6,64,4,300,0.3,0.0,0.7733333333333333,0.22666666666666666,0.32974259397079236,0.504038599133682,0.0010551937900832864,-0.5029834053435986
parity,6,64,5,300,0.3,0.0,0.81,0.19,0.35994093268758975,0.5004555690907525,0.0007318104756404153,-0.4997237586151121
parity,6,64,6,300,0.3,0.0,0.77,0.23,0.31352968070666004,0.49982824386551594,0.0008701216811616286,-0.4989581221843543
parity,6,64,7,300,0.3,0.0,0.7966666666666666,0.20333333333333334,0.36554962811734104,0.5626101983395877,0.0003338230420351085,-0.5622763752975526
parity,6,64,8,300,0.3,0.0,0.7533333333333333,0.24666666666666667,0.297233928372372,0.40739858411156393,0.0017429525197191764,-0.40565563159184476
parity,6,64,9,300,0.3,0.0,0.7866666666666666,0.21333333333333335,0.3287893580496933,0.4870698473878377,0.0012306494813059676,-0.48583919790653174
parity,6,64,10,300,0.3,0.0,0.7966666666666666,0.20333333333333334,0.33787364089853045,0.49933264112656794,0.00045335203307145244,-0.4988792890934965
parity,6,64,11,300,0.3,0.0,0.7666666666666667,0.23333333333333334,0.33880227585054096,0.5020556781908284,0.00045502179779022267,-0.5016006563930382
parity,6,64,12,300,0.3,0.0,0.77,0.23,0.32330583550894315,0.5480544763617154,0.0002546442267669091,-0.5477998321349485
parity,6,64,13,300,0.3,0.0,0.8266666666666667,0.17333333333333334,0.3711544499245161,0.5482954116000366,0.0009446856332842035,-0.5473507259667524
parity,6,64,14,300,0.3,0.0,0.7866666666666666,0.21333333333333335,0.3258440153261747,0.5433182391829883,0.0004184401751812228,-0.542899799007807
parity,6,64,15,300,0.3,0.0,0.51,0.49,-0.0040260511733142745,0.500056071265051,0.4999991550139702,-5.691625108084075e-05
parity,6,64,16,300,0.3,0.0,0.7566666666666667,0.24333333333333335,0.2705630026140032,0.15182474450149958,0.0002824936019179547,-0.15154225089958162
parity,6,64,17,300,0.3,0.0,0.8066666666666666,0.19333333333333333,0.3652420975755366,0.541495669020744,0.0009311226321981891,-0.5405645463885458
parity,6,64,18,300,0.3,0.0,0.76,0.24,0.30040731092148565,0.5156747287869218,0.0013449219383496747,-0.5143298068485721
parity,6,64,19,300,0.3,0.0,0.78,0.22,0.344024340855443,0.5322164500611108,0.0020465440349837216,-0.5301699060261271
parity,6,1024,0,300,0.3,0.0,0.77,0.23,0.33030638224146275,0.4332269242719415,2.0427300897241096e-05,-0.43320649697104424
parity,6,1024,1,300,0.3,0.0,0.79,0.21,0.423558464202006,0.49873277935244453,5.6003594686437896e-05,-0.4986767757577581
parity,6,1024,2,300,0.3,0.0,0.7233333333333334,0.27666666666666667,0.32156473927414314,0.5018209563963126,0.0028640035706434808,-0.49895695282566915
parity,6,1024,3,300,0.3,0.0,0.8066666666666666,0.19333333333333333,0.403736322204454,0.498037698978655,7.683067015812339e-05,-0.4979608683084969
parity,6,1024,4,300,0.3,0.0,0.8033333333333333,0.19666666666666666,0.39754481454357116,0.504038599133682,0.0001787170778837499,-0.5038598820557982
parity,6,1024,5,300,0.3,0.0,0.8433333333333334,0.15666666666666668,0.443776123861106,0.5004555690907525,5.812815149702777e-05,-0.5003974409392555
parity,6,1024,6,300,0.3,0.0,0.8433333333333334,0.15666666666666668,0.4441278724231053,0.49982824386551594,8.287971841824948e-05,-0.4997453641470977
parity,6,1024,7,300,0.3,0.0,0.8766666666666667,0.12333333333333334,0.5308466649389852,0.5626101983395877,1.9406869154414697e-05,-0.5625907914704333
parity,6,1024,8,300,0.3,0.0,0.7666666666666667,0.23333333333333334,0.3151664109633348,0.40739858411156393,6.66224303597085e-05,-0.4073319616812042
parity,6,1024,9,300,0.3,0.0,0.79,0.21,0.35877173688154723,0.4870698473878377,5.261895795821703e-05,-0.4870172284298795
parity,6,1024,10,300,0.3,0.0,0.81,0.19,0.38136259448730503,0.49933264112656794,0.00010772767666700211,-0.49922491344990094
parity,6,1024,11,300,0.3,0.0,0.8333333333333334,0.16666666666666666,0.45657631822292627,0.5020556781908284,6.156930878076228e-05,-0.5019941088820477
parity,6,1024,12,300,0.3,0.0,0.8133333333333334,0.18666666666666668,0.3656343598623093,0.5480544763617154,8.871225876333488e-05,-0.5479657641029521
parity,6,1024,13,300,0.3,0.0,0.8266666666666667,0.17333333333333334,0.4620286711613723,0.5482954116000366,9.490179727988934e-05,-0.5482005098027567
parity,6,1024,14,300,0.3,0.0,0.7933333333333333,0.20666666666666667,0.3783342863736385,0.5433182391829883,0.00010542297205756723,-0.5432128162109306
parity,6,1024,15,300,0.3,0.0,0.55,0.45,0.02700803930916718,0.500056071265051,0.4999951052888725,-6.096597617855082e-05
parity,6,1024,16,300,0.3,0.0,0.75,0.25,0.30593390078526755,0.15182474450149958,2.78642694115927e-05,-0.15179688023208798
parity,6,1024,17,300,0.3,0.0,0.8266666666666667,0.17333333333333334,0.4104930624576932,0.541495669020744,3.874443469498168e-05,-0.541456924586049
parity,6,1024,18,300,0.3,0.0,0.78,0.22,0.3424900967272355,0.5156747287869218,3.496600552299611e-05,-0.5156397627813988
parity,6,1024,19,300,0.3,0.0,0.7666666666666667,0.23333333333333334,0.36237478081269103,0.5322164500611108,0.00013096946725810188,-0.5320854805938527
parity,10,0,0,300,0.3,0.0,1.0,0.0,1.0,0.49995931603831373,8.060850399566055e-05,-0.49987870753431807
parity,10,0,1,300,0.3,0.0,1.0,0.0,1.0,0.4984726802083047,0.0,-0.4984726802083047
parity,10,0,2,300,0.3,0.0,1.0,0.0,1.0,0.4995751211560873,2.8255175976710234e-14,-0.49957512115605907
parity,10,0,3,300,0.3,0.0,1.0,0.0,1.0,0.49988944843943833,0.0007928493211804555,-0.4990965991182579
parity,10,0,4,300,0.3,0.0,1.0,0.0,1.0,0.5187032618570874,0.0,-0.5187032618570874
parity,10,0,5,300,0.3,0.0,1.0,0.0,1.0,0.49988112191014183,1.1905254559962941e-11,-0.4998811218982366
parity,10,0,6,300,0.3,0.0,1.0,0.0,1.0,0.5001291357344023,5.976919398298364e-07,-0.5001285380424625
parity,10,0,7,300,0.3,0.0,1.0,0.0,1.0,0.4977602070971119,0.0,-0.4977602070971119
parity,10,0,8,300,0.3,0.0,1.0,0.0,1.0,0.5000314720174136,0.4999302447322468,-0.00010122728516681612
parity,10,0,9,300,0.3,0.0,1.0,0.0,1.0,0.4867522212286356,0.0,-0.4867522212286356
parity,10,0,10,300,0.3,0.0,1.0,0.0,1.0,0.44546070990945064,0.0,-0.44546070990945064
parity,10,0,11,300,0.3,0.0,1.0,0.0,1.0,0.4999196211387244,0.4993190862994098,-0.0006005348393146037
parity,10,0,12,300,0.3,0.0,1.0,0.0,1.0,0.5017410390578284,0.5000531034218371,-0.0016879356359913444
parity,10,0,13,300,0.3,0.0,1.0,0.0,1.0,0.4958382221476218,0.0,-0.4958382221476218
parity,10,0,14,300,0.3,0.0,1.0,0.0,1.0,0.4997666376742627,0.4957289291418042,-0.004037708532458495
parity,10,0,15,300,0.3,0.0,1.0,0.0,1.0,0.573394586626651,0.0,-0.573394586626651
parity,10,0,16,300,0.3,0.0,1.0,0.0,1.0,0.5063881925852409,0.0,-0.5063881925852409
parity,10,0,17,300,0.3,0.0,1.0,0.0,1.0,0.4990878046410645,0.0,-0.4990878046410645
parity,10,0,18,300,0.3,0.0,1.0,0.0,1.0,0.6569591561319879,0.0,-0.6569591561319879
parity,10,0,19,300,0.3,0.0,1.0,0.0,1.0,0.5014352141863356,0.0,-0.5014352141863356
parity,10,64,0,300,0.3,0.0,0.72,0.28,0.22280680477270773,0.49995931603831373,0.0018916589562636421,-0.4980676570820501
parity,10,64,1,300,0.3,0.0,0.8333333333333334,0.16666666666666666,0.32814695223045753,0.4984726802083047,0.001345758327513602,-0.4971269218807911
parity,10,64,2,300,0.3,0.0,0.49666666666666665,0.5033333333333333,0.006319188560833732,0.4995751211560873,0.4999027039641984,0.000327582808111071
parity,10,64,3,300,0.3,0.0,0.48333333333333334,0.5166666666666667,-0.005956052343204133,0.49988944843943833,0.5000963444913373,0.00020689605189899707
parity,10,64,4,300,0.3,0.0,0.5733333333333334,0.4266666666666667,0.07482083397306151,0.5187032618570874,0.4921075249282909,-0.026595736928796465
parity,10,64,5,300,0.3,0.0,0.55,0.45,0.05464112614218274,0.49988112191014183,0.4931740748379368,-0.006707047072205041
parity,10,64,6,300,0.3,0.0,0.49666666666666665,0.5033333333333333,0.019541361190390655,0.5001291357344023,0.49845487629820356,-0.001674259436198755
parity,10,64,7,300,0.3,0.0,0.83,0.17,0.31469689076934876,0.4977602070971119,0.0028520074662053974,-0.4949081996309065
parity,10,64,8,300,0.3,0.0,0.4866666666666667,0.5133333333333333,-0.008215875306950051,0.5000314720174136,0.500000722001493,-3.0750015920566476e-05
parity,10,64,9,300,0.3,0.0,0.81,0.19,0.32432680888055104,0.4867522212286356,0.0029323356752775642,-0.48381988555335803
parity,10,64,10,300,0.3,0.0,0.8333333333333334,0.16666666666666666,0.3267583648735367,0.44546070990945064,0.0018367175913441836,-0.44362399231810645
parity,10,64,11,300,0.3,0.0,0.5133333333333333,0.4866666666666667,0.022115741437636255,0.4999196211387244,0.4999126507679375,-6.970370786896218e-06
parity,10,64,12,300,0.3,0.0,0.5333333333333333,0.4666666666666667,0.014699656121943242,0.5017410390578284,0.5000115796697423,-0.0017294593880861076
parity,10,64,13,300,0.3,0.0,0.8633333333333333,0.13666666666666666,0.33963576568004006,0.4958382221476218,0.0014489318572027399,-0.49438929029041906
parity,10,64,14,300,0.3,0.0,0.6333333333333333,0.36666666666666664,0.15360573228248806,0.4997666376742627,0.08791264373304941,-0.4118539939412133
parity,10,64,15,300,0.3,0.0,0.8233333333333334,0.17666666666666667,0.3321473701705769,0.573394586626651,0.0020710934931810754,-0.5713234931334699
parity,10,64,16,300,0.3,0.0,0.72,0.28,0.2106370880827447,0.5063881925852409,0.0013628206380131846,-0.5050253719472277
parity,10,64,17,300,0.3,0.0,0.78,0.22,0.2880676501026353,0.4990878046410645,0.003270625986013409,-0.4958171786550511
parity,10,64,18,300,0.3,0.0,0.8433333333333334,0.15666666666666668,0.377752280919197,0.6569591561319879,0.0008764263340356182,-0.6560827297979522
parity,10,64,19,300,0.3,0.0,0.84,0.16,0.3310631589788078,0.5014352141863356,0.002060220523224243,-0.4993749936631114
parity,10,1024,0,300,0.3,0.0,0.69,0.31,0.21212992099786046,0.49995931603831373,0.452828033726402,-0.047131282311911715
parity,10,1024,1,300,0.3,0.0,0.8666666666666667,0.13333333333333333,0.4265537372796082,0.4984726802083047,0.0001485735956614498,-0.49832410661264326
parity,10,1024,2,300,0.3,0.0,0.8866666666666667,0.11333333333333333,0.4267881965189574,0.4995751211560873,0.00011062930961425188,-0.49946449184647307
parity,10,1024,3,300,0.3,0.0,0.7666666666666667,0.23333333333333334,0.31195188151184655,0.49988944843943833,0.14176672021018322,-0.3581227282292551
parity,10,1024,4,300,0.3,0.0,0.9166666666666666,0.08333333333333333,0.49845879959391826,0.5187032618570874,0.00010209491786461466,-0.5186011669392228
parity,10,1024,5,300,0.3,0.0,0.82,0.18,0.3948277711049461,0.49988112191014183,0.00017417226102428573,-0.49970694964911755
parity,10,1024,6,300,0.3,0.0,0.79,0.21,0.371324159763196,0.5001291357344023,0.00035320690214996064,-0.49977592883225236
parity,10,1024,7,300,0.3,0.0,0.8766666666666667,0.12333333333333334,0.4376797393548053,0.4977602070971119,4.768227220641741e-05,-0.49771252482490547
parity,10,1024,8,300,0.3,0.0,0.5333333333333333,0.4666666666666667,0.02398853670462102,0.5000314720174136,0.49997042485802856,-6.104715938504146e-05
parity,10,1024,9,300,0.3,0.0,0.8133333333333334,0.18666666666666668,0.37366362492585076,0.4867522212286356,0.000149643931595278,-0.4866025772970403
parity,10,1024,10,300,0.3,0.0,0.78,0.22,0.32263393826268355,0.44546070990945064,0.00017285491568164169,-0.445287854993769
parity,10,1024,11,300,0.3,0.0,0.59,0.41,0.06846904588498669,0.4999196211387244,0.49939815149229444,-0.0005214696464299617
parity,10,1024,12,300,0.3,0.0,0.59,0.41,0.08005218127714661,0.5017410390578284,0.5000639491951084,-0.0016770898627199715
parity,10,1024,13,300,0.3,0.0,0.8833333333333333,0.11666666666666667,0.440819862566375,0.4958382221476218,0.00012397482228260204,-0.4957142473253392
parity,10,1024,14,300,0.3,0.0,0.5533333333333333,0.44666666666666666,0.052762299420892,0.4997666376742627,0.499280315647506,-0.00048632202675669145
parity,10,1024,15,300,0.3,0.0,0.8833333333333333,0.11666666666666667,0.40251858264449036,0.573394586626651,2.3060564887378288e-05,-0.5733715260617636
parity,10,1024,16,300,0.3,0.0,0.9,0.1,0.48368308667412246,0.5063881925852409,6.58929433045019e-05,-0.5063222996419364
parity,10,1024,17,300,0.3,0.0,0.88,0.12,0.44334425382696613,0.4990878046410645,8.68932592154037e-05,-0.4990009113818491
parity,10,1024,18,300,0.3,0.0,0.89,0.11,0.47485002596635373,0.6569591561319879,8.073029917432528e-05,-0.6568784258328135
parity,10,1024,19,300,0.3,0.0,0.8666666666666667,0.13333333333333333,0.4370081370318469,0.5014352141863356,9.009707811669099e-05,-0.5013451171082189
projector,6,0,0,300,0.3,0.0,1.0,0.0,1.0,0.7613341734879662,0.0,-0.7613341734879662
projector,6,0,1,300,0.3,0.0,1.0,0.0,1.0,0.997417610882583,0.0,-0.997417610882583
projector,6,0,2,300,0.3,0.0,1.0,0.0,1.0,0.9998634848793447,0.999191435898331,-0.0006720489810136954
projector,6,0,3,300,0.3,0.0,1.0,0.0,1.0,0.9795314022960379,0.0,-0.9795314022960379
projector,6,0,4,300,0.3,0.0,1.0,0.0,1.0,0.9999999577743911,0.9999999577301074,-4.4283687827828544e-11
projector,6,0,5,300,0.3,0.0,1.0,0.0,1.0,0.9981922655973359,0.0,-0.9981922655973359
projector,6,0,6,300,0.3,0.0,1.0,0.0,1.0,0.9999875296214491,0.9999845860856266,-2.9435358225304853e-06
projector,6,0,7,300,0.3,0.0,1.0,0.0,1.0,0.9999994716524645,0.9999993207263438,-1.5092612071221367e-07
projector,6,0,8,300,0.3,0.0,1.0,0.0,1.0,0.9332535785121352,0.0,-0.9332535785121352
projector,6,0,9,300,0.3,0.0,1.0,0.0,1.0,0.9994567886540164,7.157667542323498e-05,-0.9993852119785932
projector,6,0,10,300,0.3,0.0,1.0,0.0,1.0,0.9999999990440026,0.9999999990439338,-6.88338275267597e-14
projector,6,0,11,300,0.3,0.0,1.0,0.0,1.0,0.9999988825606319,0.9999988643481712,-1.82124606507017e-08
projector,6,0,12,300,0.3,0.0,1.0,0.0,1.0,0.9989270988106883,0.0,-0.9989270988106883
projector,6,0,13,300,0.3,0.0,1.0,0.0,1.0,0.997725171804295,0.0,-0.997725171804295
projector,6,0,14,300,0.3,0.0,1.0,0.0,1.0,0.9971705528898533,0.0,-0.9971705528898533
projector,6,0,15,300,0.3,0.0,1.0,0.0,1.0,0.9979748184840139,0.0,-0.9979748184840139
projector,6,0,16,300,0.3,0.0,1.0,0.0,1.0,0.9999981930912356,0.9999966231813114,-1.5699099241706094e-06
projector,6,0,17,300,0.3,0.0,1.0,0.0,1.0,0.9999960911857426,0.9999925134279322,-3.5777578104578822e-06
projector,6,0,18,300,0.3,0.0,1.0,0.0,1.0,0.9998875352646613,0.9998202855788795,-6.724968578186719e-05
projector,6,0,19,300,0.3,0.0,1.0,0.0,1.0,0.9992087040328752,0.8859592690908318,-0.11324943494204343
projector,6,64,0,300,0.3,0.0,0.78,0.22,0.3125368404808835,0.7613341734879662,0.0005811391189477488,-0.7607530343690184
projector,6,64,1,300,0.3,0.0,0.8133333333333334,0.18666666666666668,0.43775538276657017,0.997417610882583,0.0015005168285131543,-0.9959170940540698
projector,6,64,2,300,0.3,0.31666666666666665,0.5166666666666667,0.16666666666666666,0.3518932786667799,0.9998634848793447,0.9990020488313863,-0.0008614360479584082
projector,6,64,3,300,0.3,0.0,0.7833333333333333,0.21666666666666667,0.39979010256226755,0.9795314022960379,0.002510362760666185,-0.9770210395353717
projector,6,64,4,300,0.3,1.0,0.0,0.0,,0.9999999577743911,0.9999999577743911,0.0
projector,6,64,5,300,0.3,0.013333333333333334,0.8766666666666667,0.11,0.5708688551700897,0.9981922655973359,0.0007177731995924308,-0.9974744923977434
projector,6,64,6,300,0.3,0.87,0.09333333333333334,0.03666666666666667,0.3387896529263131,0.9999875296214491,0.9999806621134398,-6.867508009267276e-06
projector,6,64,7,300,0.3,0.8433333333333334,0.08,0.07666666666666666,0.02141871387446477,0.9999994716524645,0.9999991676972773,-3.0395518724191106e-07
projector,6,64,8,300,0.3,0.0,0.79,0.21,0.3445830044617732,0.9332535785121352,0.0002190516904135853,-0.9330345268217216
projector,6,64,9,300,0.3,0.05333333333333334,0.8466666666666667,0.1,0.6199144893691323,0.9994567886540164,0.0015320834246556059,-0.9979247052293608
projector,6,64,10,300,0.3,1.0,0.0,0.0,,0.9999999990440026,0.9999999990440026,0.0
projector,6,64,11,300,0.3,0.99,0.006666666666666667,0.0033333333333333335,0.25826848292604077,0.9999988825606319,0.9999988568622948,-2.5698337013935202e-08
projector,6,64,12,300,0.3,0.0,0.8,0.2,0.40842132761908406,0.9989270988106883,0.0010082845294144827,-0.9979188142812738
projector,6,64,13,300,0.3,0.0,0.86,0.14,0.5324717632392686,0.997725171804295,0.001117286317818822,-0.9966078854864762
projector,6,64,14,300,0.3,0.0,0.83,0.17,0.46656939045836915,0.9971705528898533,0.0018570076399403446,-0.995313545249913
projector,6,64,15,300,0.3,0.0,0.8633333333333333,0.13666666666666666,0.48598292911433294,0.9979748184840139,0.0009733751105935884,-0.9970014433734203
projector,6,64,16,300,0.3,0.7,0.14333333333333334,0.15666666666666668,-0.054616332241636194,0.9999981930912356,0.9999997473617588,1.5542705231741394e-06
projector,6,64,17,300,0.3,0.64,0.20666666666666667,0.15333333333333332,0.1298002098579459,0.9999960911857426,0.9999849900901309,-1.1101095611754097e-05
projector,6,64,18,300,0.3,0.7,0.22333333333333333,0.07666666666666666,0.2895129848256708,0.9998875352646613,0.9998253301827735,-6.220508188781171e-05
projector,6,64,19,300,0.3,0.05,0.9166666666666666,0.03333333333333333,0.6911007634626308,0.9992087040328752,0.003030601371026287,-0.9961781026618489
projector,6,1024,0,300,0.3,0.0,0.8233333333333334,0.17666666666666667,0.3541364852773135,0.7613341734879662,4.453640332291453e-05,-0.7612896370846433
projector,6,1024,1,300,0.3,0.0,0.8333333333333334,0.16666666666666666,0.4819486665325933,0.997417610882583,1.582951247569575e-05,-0.9974017813701073
projector,6,1024,2,300,0.3,0.006666666666666667,0.9233333333333333,0.07,0.7448213937968002,0.9998634848793447,0.9991517817409356,-0.000711703138409181
projector,6,1024,3,300,0.3,0.0,0.8,0.2,0.40842259248398904,0.9795314022960379,4.387132002547922e-05,-0.9794875309760124
projector,6,1024,4,300,0.3,0.9933333333333333,0.0033333333333333335,0.0033333333333333335,0.08443722976868484,0.9999999577743911,0.9999999577570802,-1.7310930466862828e-11
projector,6,1024,5,300,0.3,0.0,0.9366666666666666,0.06333333333333334,0.7609174932908618,0.9981922655973359,5.51073714033512e-05,-0.9981371582259325
projector,6,1024,6,300,0.3,0.20666666666666667,0.52,0.2733333333333333,0.239617608839411,0.9999875296214491,0.9999843796529843,-3.149968464843944e-06
projector,6,1024,7,300,0.3,0.22333333333333333,0.44,0.33666666666666667,0.13027388709575272,0.9999994716524645,0.9999989499012393,-5.217512252242429e-07
projector,6,1024,8,300,0.3,0.0,0.8133333333333334,0.18666666666666668,0.3864055941808356,0.9332535785121352,9.588011665451202e-05,-0.9331576983954807
projector,6,1024,9,300,0.3,0.0,0.9833333333333333,0.016666666666666666,0.9189636769042231,0.9994567886540164,0.00016371454849206657,-0.9992930741055244
projector,6,1024,10,300,0.3,1.0,0.0,0.0,,0.9999999990440026,0.9999999990440026,0.0
projector,6,1024,11,300,0.3,0.81,0.13333333333333333,0.056666666666666664,0.22244428994861232,0.9999988825606319,0.9999988565176213,-2.6043010525889088e-08
projector,6,1024,12,300,0.3,0.0,0.8366666666666667,0.16333333333333333,0.47773302827729663,0.9989270988106883,2.944582645769689e-05,-0.9988976529842306
projector,6,1024,13,300,0.3,0.0,0.91,0.09,0.6991794917981988,0.997725171804295,9.057727170602714e-05,-0.997634594532589
projector,6,1024,14,300,0.3,0.0,0.8466666666666667,0.15333333333333332,0.5595935960850662,0.9971705528898533,9.517129912683941e-05,-0.9970753815907265
projector,6,1024,15,300,0.3,0.0,0.8366666666666667,0.16333333333333333,0.533488582378989,0.9979748184840139,0.00012313241675843134,-0.9978516860672555
projector,6,1024,16,300,0.3,0.14,0.4666666666666667,0.3933333333333333,0.08295759981724807,0.9999981930912356,0.9999965014156593,-1.6916755762874658e-06
projector,6,1024,17,300,0.3,0.12333333333333334,0.48333333333333334,0.3933333333333333,0.09822121712133686,0.9999960911857426,0.9999929352909069,-3.15589483568246e-06
projector,6,1024,18,300,0.3,0.006666666666666667,0.9166666666666666,0.07666666666666666,0.5755911569507497,0.9998875352646613,0.9998188213221604,-6.871394250096419e-05
projector,6,1024,19,300,0.3,0.0,1.0,0.0,0.9430026280387852,0.9992087040328752,0.8979361740279245,-0.10127253000495073
projector,10,0,0,300,0.3,0.0,1.0,0.0,1.0,0.9999997128622651,0.9999996779138944,-3.494837064188516e-08
projector,10,0,1,300,0.3,0.0,1.0,0.0,1.0,0.9999999789103874,0.999999978886538,-2.3849366925787763e-11
projector,10,0,2,300,0.3,0.0,1.0,0.0,1.0,0.9999999999875459,0.9999999999875459,0.0
projector,10,0,3,300,0.3,0.0,1.0,0.0,1.0,0.9999970587412659,0.999997026693593,-3.2047672848811715e-08
projector,10,0,4,300,0.3,0.0,1.0,0.0,1.0,0.999996344421037,0.9999962062054201,-1.38215616951598e-07
projector,10,0,5,300,0.3,0.0,1.0,0.0,1.0,0.9999999999999252,0.9999999999999252,0.0
projector,10,0,6,300,0.3,0.0,1.0,0.0,1.0,0.9999999999991871,0.9999999999991871,0.0
projector,10,0,7,300,0.3,0.0,1.0,0.0,1.0,0.9999155483216915,0.9999004766513443,-1.5071670347199806e-05
projector,10,0,8,300,0.3,0.0,1.0,0.0,1.0,0.9995202522104779,0.9939794919805077,-0.0055407602299701875
projector,10,0,9,300,0.3,0.0,1.0,0.0,1.0,0.9999997334118559,0.9999997326835527,-7.283031955296337e-10
projector,10,0,10,300,0.3,0.0,1.0,0.0,1.0,0.9999998520986171,0.9999998519369686,-1.616484723854228e-10
projector,10,0,11,300,0.3,0.0,1.0,0.0,1.0,0.9999999997641404,0.9999999997641281,-1.2323475573339238e-14
projector,10,0,12,300,0.3,0.0,1.0,0.0,1.0,0.9999973860016738,0.999997289260991,-9.674068279785786e-08
projector,10,0,13,300,0.3,0.0,1.0,0.0,1.0,0.9999889261110807,0.9999881262727929,-7.998382878238175e-07
projector,10,0,14,300,0.3,0.0,1.0,0.0,1.0,0.9999914223066705,0.999991153024256,-2.6928241447787826e-07
projector,10,0,15,300,0.3,0.0,1.0,0.0,1.0,0.9999058287976934,0.9998826464449433,-2.3182352750117374e-05
projector,10,0,16,300,0.3,0.0,1.0,0.0,1.0,0.9989484370593276,0.9736141463577451,-0.02533429070158244
projector,10,0,17,300,0.3,0.0,1.0,0.0,1.0,0.9999999999045786,0.9999999999045749,-3.6637359812630166e-15
projector,10,0,18,300,0.3,0.0,1.0,0.0,1.0,0.9999608123483028,0.9999558342400853,-4.97810821753486e-06
projector,10,0,19,300,0.3,0.0,1.0,0.0,1.0,0.9999898913599845,0.9999880729277726,-1.818432211919685e-06
projector,10,64,0,300,0.3,0.9233333333333333,0.05,0.02666666666666667,0.30335955796538405,0.9999997128622651,0.9999992433413561,-4.695209089300434e-07
projector,10,64,1,300,0.3,1.0,0.0,0.0,,0.9999999789103874,0.9999999789103874,0.0
projector,10,64,2,300,0.3,1.0,0.0,0.0,,0.9999999999875459,0.9999999999875459,0.0
projector,10,64,3,300,0.3,0.99,0.01,0.0,0.3481355632572523,0.9999970587412659,0.9999970125272403,-4.621402560633925e-08
projector,10,64,4,300,0.3,0.97,0.023333333333333334,0.006666666666666667,0.2989924322139177,0.999996344421037,0.999996094483063,-2.4993797398398243e-07
projector,10,64,5,300,0.3,1.0,0.0,0.0,,0.9999999999999252,0.9999999999999252,0.0
projector,10,64,6,300,0.3,1.0,0.0,0.0,,0.9999999999991871,0.9999999999991871,0.0
projector,10,64,7,300,0.3,0.87,0.12,0.01,0.3118671482796148,0.9999155483216915,0.9999033810561132,-1.2167265578288955e-05
projector,10,64,8,300,0.3,0.11333333333333333,0.84,0.04666666666666667,0.5442907451165757,0.9995202522104779,0.9882252464691726,-0.011295005741305264
projector,10,64,9,300,0.3,1.0,0.0,0.0,,0.9999997334118559,0.9999997334118559,0.0
projector,10,64,10,300,0.3,0.9933333333333333,0.006666666666666667,0.0,0.5275051311769441,0.9999998520986171,0.9999998487611399,-3.337477183507076e-09
projector,10,64,11,300,0.3,1.0,0.0,0.0,,0.9999999997641404,0.9999999997641404,0.0
projector,10,64,12,300,0.3,0.9766666666666667,0.006666666666666667,0.016666666666666666,-0.30592362427697634,0.9999973860016738,0.9999975461894591,1.6018778536963652e-07
projector,10,64,13,300,0.3,0.93,0.04666666666666667,0.023333333333333334,0.16466853106672572,0.9999889261110807,0.9999881658812013,-7.602298793818463e-07
projector,10,64,14,300,0.3,0.9733333333333334,0.016666666666666666,0.01,0.16296977348563352,0.9999914223066705,0.9999912569889697,-1.6531770075101093e-07
projector,10,64,15,300,0.3,0.77,0.21,0.02,0.31905329120490955,0.9999058287976934,0.9998771788363321,-2.864996136131559e-05
projector,10,64,16,300,0.3,0.08333333333333333,0.8933333333333333,0.023333333333333334,0.5600798412395415,0.9989484370593276,0.9769630543193305,-0.02198538273999706
projector,10,64,17,300,0.3,1.0,0.0,0.0,,0.9999999999045786,0.9999999999045786,0.0
projector,10,64,18,300,0.3,0.93,0.05333333333333334,0.016666666666666666,0.31546596630699286,0.9999608123483028,0.9999569348297942,-3.8775185086104e-06
projector,10,64,19,300,0.3,0.9,0.06666666666666667,0.03333333333333333,0.226699970194608,0.9999898913599845,0.999988017077827,-1.8742821574768698e-06
projector,10,1024,0,300,0.3,0.4066666666666667,0.34,0.25333333333333335,0.14428239165368711,0.9999997128622651,0.9999996384963064,-7.436595872434282e-08
projector,10,1024,1,300,0.3,0.9933333333333333,0.0033333333333333335,0.0033333333333333335,0.00011369117588899691,0.9999999789103874,0.9999999789103874,0.0
projector,10,1024,2,300,0.3,1.0,0.0,0.0,,0.9999999999875459,0.9999999999875459,0.0
projector,10,1024,3,300,0.3,0.8766666666666667,0.09,0.03333333333333333,0.20087885941364547,0.9999970587412659,0.9999970377961068,-2.094515905159966e-08
projector,10,1024,4,300,0.3,0.6,0.28,0.12,0.2667806375131895,0.999996344421037,0.9999961104508915,-2.339701454801002e-07
projector,10,1024,5,300,0.3,1.0,0.0,0.0,,0.9999999999999252,0.9999999999999252,0.0
projector,10,1024,6,300,0.3,1.0,0.0,0.0,,0.9999999999991871,0.9999999999991871,0.0
projector,10,1024,7,300,0.3,0.06666666666666667,0.88,0.05333333333333334,0.44139572359320695,0.9999155483216915,0.9999010662525682,-1.4482069123245012e-05
projector,10,1024,8,300,0.3,0.0,0.99,0.01,0.8801039013534914,0.9995202522104779,0.994049293721256,-0.0054709584892218555
projector,10,1024,9,300,0.3,0.9733333333333334,0.023333333333333334,0.0033333333333333335,0.5581880918877377,0.9999997334118559,0.9999997315491403,-1.8627155373707183e-09
projector,10,1024,10,300,0.3,0.9833333333333333,0.01,0.006666666666666667,0.07970039401208806,0.9999998520986171,0.9999998520204633,-7.815381675158051e-11
projector,10,1024,11,300,0.3,1.0,0.0,0.0,,0.9999999997641404,0.9999999997641404,0.0
projector,10,1024,12,300,0.3,0.6766666666666666,0.22333333333333333,0.1,0.2424084642303401,0.9999973860016738,0.9999972654921285,-1.20509545231684e-07
projector,10,1024,13,300,0.3,0.41333333333333333,0.43333333333333335,0.15333333333333332,0.2594142042608429,0.9999889261110807,0.9999880591448365,-8.66966244239542e-07
projector,10,1024,14,300,0.3,0.6466666666666666,0.31,0.043333333333333335,0.33969420705325787,0.9999914223066705,0.9999910754858813,-3.4682078919878734e-07
projector,10,1024,15,300,0.3,0.03333333333333333,0.9166666666666666,0.05,0.5048718440339013,0.9999058287976934,0.9998829159026983,-2.2912894995119615e-05
projector,10,1024,16,300,0.3,0.0,1.0,0.0,0.9239481012713545,0.9989484370593276,0.976993458426225,-0.021954978633102584
projector,10,1024,17,300,0.3,1.0,0.0,0.0,,0.9999999999045786,0.9999999999045786,0.0
projector,10,1024,18,300,0.3,0.16333333333333333,0.7033333333333334,0.13333333333333333,0.3862759424385372,0.9999608123483028,0.9999555363188526,-5.2760294502185445e-06
projector,10,1024,19,300,0.3,0.19333333333333333,0.53,0.27666666666666667,0.2291645549398662,0.9999898913599845,0.9999874805871838,-2.410772800720551e-06
