n_qubits,depth,cost,entangler,gradient,seed,init,cost_value,n_params,mean_grad,mean_abs_grad,within_gradient_entry_var,grad_norm,max_abs_grad,first_partial
2,2,local,ring,autograd,0,0,-0.07799206797269387,8,0.006872387218547341,0.07433632574168249,0.01223688542187096,0.31348512089670366,0.2698557540925406,0.04853411842761163
2,2,local,ring,autograd,0,1,0.6952503554044989,8,-0.06734822218669043,0.12260310384747566,0.03270846333607984,0.5458516015752828,0.3726769293317475,0.03590799813305527
2,2,local,ring,autograd,0,2,-0.24106290578481815,8,0.061597464813403606,0.14255113256185226,0.029478999237109,0.5159321421159763,0.3743990966182881,0.184721556417047
4,2,local,ring,autograd,0,0,0.08029438793322542,16,0.0018051465526658615,0.04700412990394501,0.004973738955745381,0.2821913537958804,0.16254840277909297,-0.02480490468774308
4,2,local,ring,autograd,0,1,-0.20103621598596122,16,-0.00888984327883546,0.06513762827882219,0.008944405397392016,0.3799670451165842,0.23638841646639225,-0.02972694111577453
4,2,local,ring,autograd,0,2,-0.08532264137010699,16,0.003531455731693235,0.04799878377809097,0.005236172932412842,0.28979010644251474,0.1717184962023447,-0.10381534452819446
6,2,local,ring,autograd,0,0,-0.147793988418337,24,-0.008731448996057661,0.024325851707529624,0.0010851798062269148,0.16695518017463284,0.07928989256666655,-0.06102485607370509
6,2,local,ring,autograd,0,1,-0.002332079293173847,24,-0.0028837343593661677,0.009083473348413433,0.0002528421140090088,0.07916939376265014,0.042308449387794225,0.0002891897689331435
6,2,local,ring,autograd,0,2,0.024607105082873573,24,-0.007741306341870033,0.012985954549044512,0.000771517148245776,0.141261032599181,0.12373392661714801,0.014839335179890386
