n_qubits,depth,cost,entangler,gradient,seed,init,cost_value,n_params,mean_grad,mean_abs_grad,var_grad,grad_norm,max_abs_grad,first_partial
2,2,global,ring,autograd,0,0,-0.6981474891642199,8,0.07797294447401204,0.13795013310555726,0.035081679046411206,0.5738394138876037,0.4246549728118338,-0.17241620460077414
2,2,global,ring,autograd,0,1,0.5834529457951575,8,-0.09193923944882187,0.11124762531599038,0.073011682088808,0.8072893203269113,0.8039538951746978,0.004525070048649098
2,2,global,ring,autograd,0,2,-0.19565926612228798,8,-0.1603781263525415,0.16313913379654985,0.048175206764042425,0.7688763238721513,0.5695093474285786,-0.009282057384545114
4,2,global,ring,autograd,0,0,-0.050926130110705556,16,0.010588380924077247,0.0563659570973805,0.009543026109163065,0.39304228616791714,0.21358934914979338,-0.09068940921602352
4,2,global,ring,autograd,0,1,0.24694365680561936,16,-0.0531517870902772,0.07684795802422291,0.02204896180930028,0.6308606727979221,0.5425615561734032,-0.08921825625900537
4,2,global,ring,autograd,0,2,0.11785244031194834,16,0.05225655145090531,0.09036455678970828,0.06329377105700708,1.027809462704431,0.9791044336337957,0.9791044336337957
6,2,global,ring,autograd,0,0,-0.13835255287332923,24,0.007153312132053041,0.050187293990252624,0.015282596345160515,0.6066385985666081,0.47407202538431337,-0.04780827420210121
6,2,global,ring,autograd,0,1,0.010191136002700996,24,0.012489451415508205,0.019544273572401245,0.004962133740739996,0.35047807819834903,0.34556886986610535,0.011118671532855014
6,2,global,ring,autograd,0,2,0.357701156408064,24,-0.04252400477154548,0.05533806007346506,0.016366685062564033,0.660453953781024,0.5503481528700632,0.01564264581911705
