n,label,log10A,s,shots,p_zero_exact,p_both_zero,p_zero_rare_event,p_zero_poisson
4,lower-quartile A,-2.4495994054885712,0.911462200404916,1.0,0.9964496590372988,0.996449125412952,0.9964548905800144,0.9964554223126756
4,lower-quartile A,-2.4495994054885712,0.911462200404916,2.0,0.9929129864545764,0.9929108595362368,0.9929223489608284,0.9929244683521188
4,lower-quartile A,-2.4495994054885712,0.911462200404916,3.0,0.9893899261731394,0.9893851575979056,0.9894023305882128,0.98940708231647
4,lower-quartile A,-2.4495994054885712,0.911462200404916,4.0,0.9858804223553032,0.9858719749849886,0.985894791065889,0.9859032086432794
4,lower-quartile A,-2.4495994054885712,0.911462200404916,5.0,0.9823844194033232,0.9823712672429316,0.9823996861549664,0.982412792008448
4,lower-quartile A,-2.4495994054885712,0.911462200404916,7.0,0.9754326948992595,0.9754070993418814,0.9754466039953698,0.975472109742888
4,lower-quartile A,-2.4495994054885712,0.911462200404916,9.0,0.9685343126374142,0.968492301405295,0.9685427333249454,0.9685845976539847
4,lower-quartile A,-2.4495994054885712,0.911462200404916,11.0,0.9616888363656036,0.9616265234425596,0.961687725841946,0.9617498216224296
4,lower-quartile A,-2.4495994054885712,0.911462200404916,14.0,0.951518875578275,0.9514190094465428,0.9514960772460996,0.9515955971769282
4,lower-quartile A,-2.4495994054885712,0.911462200404916,18.0,0.9381400930034738,0.9379773378813248,0.9380750262765564,0.9382372211011424
4,lower-quartile A,-2.4495994054885712,0.911462200404916,23.0,0.9217030412405876,0.9214419860596283,0.9215646114039008,0.9218247757304736
4,lower-quartile A,-2.4495994054885712,0.911462200404916,30.0,0.89921429211716,0.8987810548342444,0.8989370705562477,0.899368847630734
4,lower-quartile A,-2.4495994054885712,0.911462200404916,38.0,0.8742401007898801,0.873564450061769,0.8737565299086206,0.8744299358205142
4,lower-quartile A,-2.4495994054885712,0.911462200404916,49.0,0.8411232034210879,0.8400427451159104,0.8402809301873716,0.8413578699428972
4,lower-quartile A,-2.4495994054885712,0.911462200404916,62.0,0.8037326798849768,0.8020807245123662,0.8023684929606825,0.8040151971387933
4,lower-quartile A,-2.4495994054885712,0.911462200404916,79.0,0.7575399832738807,0.7550145045611323,0.7553596778269147,0.7578773848308944
4,lower-quartile A,-2.4495994054885712,0.911462200404916,100.0,0.7044263987504121,0.7006692070137904,0.7010747101173354,0.7048208092825311
4,lower-quartile A,-2.4495994054885712,0.911462200404916,128.0,0.6398213820059147,0.6342444570138626,0.6347143327104332,0.6402757183881623
4,lower-quartile A,-2.4495994054885712,0.911462200404916,163.0,0.5679936013915209,0.559997697601617,0.5605260627419637,0.5685013382508802
4,lower-quartile A,-2.4495994054885712,0.911462200404916,208.0,0.4882823564709123,0.4771633793110051,0.4777379550670581,0.488831180990073
4,lower-quartile A,-2.4495994054885712,0.911462200404916,265.0,0.4043803212766563,0.3895915543852077,0.3901893378422837,0.4049487590606599
4,lower-quartile A,-2.4495994054885712,0.911462200404916,338.0,0.319158534442799,0.3004927835070484,0.3010809915677643,0.31971755298862
4,lower-quartile A,-2.4495994054885712,0.911462200404916,431.0,0.2378651203885772,0.2158545293296594,0.2163934632819862,0.2383812760514382
4,lower-quartile A,-2.4495994054885712,0.911462200404916,549.0,0.1656970053154472,0.1418621518599649,0.1423134715853231,0.1661393960974637
4,lower-quartile A,-2.4495994054885712,0.911462200404916,700.0,0.1061274987147442,0.0829070039035475,0.0832434569857203,0.1064744690915307
4,lower-quartile A,-2.4495994054885712,0.911462200404916,892.0,0.061709163727539,0.0418770655200402,0.0420937449827301,0.0619551511728768
4,lower-quartile A,-2.4495994054885712,0.911462200404916,1137.0,0.0319089164651073,0.0175179454149766,0.0176335641980266,0.0320640087332777
4,lower-quartile A,-2.4495994054885712,0.911462200404916,1449.0,0.0143325745058222,0.0057740937004625,0.0058227041281691,0.0144178938839601
4,lower-quartile A,-2.4495994054885712,0.911462200404916,1847.0,0.0053960267249201,0.001401605176535,0.0014166632925496,0.005435716552917
4,lower-quartile A,-2.4495994054885712,0.911462200404916,2354.0,0.0016259180163401,0.0002308749225621,0.0002340408396014,0.0016408399519176
4,lower-quartile A,-2.4495994054885712,0.911462200404916,3000.0,0.0003680122586559,2.3194816797184456e-05,2.3600925415395848e-05,0.0003722611026492
4,lower-quartile A,-2.4495994054885712,0.911462200404916,3824.0,5.757262937989607e-05,1.2371385119191252e-06,1.264814609380665e-06,5.841369344159778e-05
4,lower-quartile A,-2.4495994054885712,0.911462200404916,4874.0,5.6238343879567065e-06,2.9532836288209463e-08,3.0377500358667024e-08,5.728156924862594e-06
4,lower-quartile A,-2.4495994054885712,0.911462200404916,6213.0,3.003616578844551e-07,2.52188135296485e-10,2.6141832408738905e-10,3.074546170368409e-07
4,lower-quartile A,-2.4495994054885712,0.911462200404916,7918.0,7.462857518611626e-09,5.85762868702064e-13,6.132214808262829e-13,7.687576701835186e-09
4,lower-quartile A,-2.4495994054885712,0.911462200404916,10093.0,6.934353053767073e-11,2.556408628607529e-16,2.7101348947028715e-16,7.201103267943307e-11
4,lower-quartile A,-2.4495994054885712,0.911462200404916,12864.0,1.8507134967291786e-13,1.3390487213004388e-20,1.442512851429218e-20,1.9418031285492333e-13
4,typical A,-1.4742643474882855,-0.9850696239987332,1.0,0.9664633516457352,0.9664550098835882,0.9670033377515852,0.9670114042802462
4,typical A,-1.4742643474882855,-0.9850696239987332,2.0,0.934067533949944,0.9340352861290868,0.9350954552227064,0.93512665685847
4,typical A,-1.4742643474882855,-0.9850696239987332,3.0,0.9027732057945068,0.9027030816875068,0.9042404263166948,0.9043083142179064
4,typical A,-1.4742643474882855,-0.9850696239987332,4.0,0.8725424002244145,0.8724219157342449,0.8744035103781602,0.8745202193299844
4,typical A,-1.4742643474882855,-0.9850696239987332,5.0,0.8433384758779304,0.8431565311935986,0.8455511130773838,0.8457274569276898
4,typical A,-1.4742643474882855,-0.9850696239987332,6.0,0.8151260701520006,0.8148728536881213,0.8176507485853981,0.8178963103506894
4,typical A,-1.4742643474882855,-0.9850696239987332,8.0,0.7615404885837054,0.7611199990534098,0.7645814989616494,0.7649897426935607
4,typical A,-1.4742643474882855,-0.9850696239987332,9.0,0.7361025828747484,0.7355882362077598,0.7393528614790251,0.7398525138354791
4,typical A,-1.4742643474882855,-0.9850696239987332,11.0,0.6877830857899153,0.6870653686795052,0.6913655005749395,0.6920635086784731
4,typical A,-1.4742643474882855,-0.9850696239987332,13.0,0.6426796933595331,0.641743298223948,0.6464927374853973,0.6474044569295241
4,typical A,-1.4742643474882855,-0.9850696239987332,16.0,0.5805843111634856,0.5793036529590625,0.5845848685544427,0.5858339109760518
4,typical A,-1.4742643474882855,-0.9850696239987332,19.0,0.5245697579368699,0.5229391927589756,0.5286052707599583,0.5301982988574104
4,typical A,-1.4742643474882855,-0.9850696239987332,23.0,0.4583088863109658,0.4562236123593051,0.4622143043569054,0.4642562112703713
4,typical A,-1.4742643474882855,-0.9850696239987332,28.0,0.3872750399096277,0.3846679184454846,0.39082581952927,0.3933859795593346
4,typical A,-1.4742643474882855,-0.9850696239987332,33.0,0.3273905945328152,0.3243352677779569,0.3304632067223549,0.3334720181697633
4,typical A,-1.4742643474882855,-0.9850696239987332,40.0,0.2589653835171523,0.2554263325034453,0.2612876751128229,0.2647866880930372
4,typical A,-1.4742643474882855,-0.9850696239987332,48.0,0.1982946946177645,0.1944100899532382,0.1997757222979666,0.2036337838460134
4,typical A,-1.4742643474882855,-0.9850696239987332,58.0,0.1422498501469137,0.1382086478550372,0.1428309881229542,0.146867272917383
4,typical A,-1.4742643474882855,-0.9850696239987332,70.0,0.0956944390517994,0.091772997822472,0.0954900494180859,0.0994332365527864
4,typical A,-1.4742643474882855,-0.9850696239987332,84.0,0.0604374594377633,0.0569190839693979,0.0596966199285336,0.0632623747507331
4,typical A,-1.4742643474882855,-0.9850696239987332,101.0,0.0347343089287236,0.0318673397735251,0.0337462317504915,0.0366795144011739
4,typical A,-1.4742643474882855,-0.9850696239987332,122.0,0.0176291136122552,0.015565400026814,0.0166806404053214,0.0188168669534453
4,typical A,-1.4742643474882855,-0.9850696239987332,146.0,0.0081842324752802,0.0068630898881611,0.0074556253255015,0.0088414417878043
4,typical A,-1.4742643474882855,-0.9850696239987332,176.0,0.0031699969260787,0.0024658629640432,0.0027247287131605,0.0034755914608777
4,typical A,-1.4742643474882855,-0.9850696239987332,212.0,0.0010300850250908,0.0007219515259787,0.0008141985048378,0.0011492823668189
4,typical A,-1.4742643474882855,-0.9850696239987332,255.0,0.0002737237710968,0.0001664633504157,0.000192368139409,0.000311745175812
4,typical A,-1.4742643474882855,-0.9850696239987332,307.0,5.627705832060281e-05,2.8233453199786156e-05,3.360375011298893e-05,6.569247669134352e-05
4,typical A,-1.4742643474882855,-0.9850696239987332,369.0,8.736746779475878e-06,3.404284005475224e-06,4.1968367836262245e-06,1.0500797086881607e-05
4,typical A,-1.4742643474882855,-0.9850696239987332,444.0,9.410027858334052e-07,2.634201005745758e-07,3.3885981028468873e-07,1.171650094788537e-06
4,typical A,-1.4742643474882855,-0.9850696239987332,534.0,6.65673829918952e-08,1.2217902736561791e-08,1.6540081446478267e-08,8.647762433804037e-08
4,typical A,-1.4742643474882855,-0.9850696239987332,642.0,2.841203726579405e-09,3.0662952217463755e-10,4.4132521378608986e-10,3.884450181454622e-09
4,typical A,-1.4742643474882855,-0.9850696239987332,772.0,6.529105686549679e-11,3.632682035231623e-12,5.628533370735896e-12,9.494085821610754e-11
4,typical A,-1.4742643474882855,-0.9850696239987332,929.0,7.007488472437428e-13,1.7129517570796288e-14,2.9012624989868175e-14,1.0978745601072533e-12
4,typical A,-1.4742643474882855,-0.9850696239987332,1117.0,3.138152944694992e-15,2.80474750216241e-17,5.285011908316253e-17,5.376428400035497e-15
4,typical A,-1.4742643474882855,-0.9850696239987332,1344.0,4.672105267097343e-18,1.213742149766308e-20,2.6013325035222726e-20,8.917588677697915e-18
4,upper-quartile A,-0.8152359595253784,0.2690484029343715,1.0,0.8578352947095188,0.852404856257107,0.8581077692500522,0.8627740008219615
4,upper-quartile A,-0.8152359595253784,0.2690484029343715,2.0,0.7451392570662493,0.7265940389706993,0.7363489436473007,0.7524308027652523
4,upper-quartile A,-0.8152359595253784,0.2690484029343715,3.0,0.6550901995427976,0.6193522873460898,0.6318667494228176,0.6631279553113948
4,upper-quartile A,-0.8152359595253784,0.2690484029343715,4.0,0.5825261265050895,0.5279388974677541,0.5422097668104957,0.5903540215820847
4,upper-quartile A,-0.8152359595253784,0.2690484029343715,5.0,0.5235292755339431,0.4500176800085365,0.4652744134633454,0.5306170030329231
4,upper-quartile A,-0.8152359595253784,0.2690484029343715,6.0,0.4751165975225129,0.3835972558408334,0.3992555890261578,0.4812070045432696
4,upper-quartile A,-0.8152359595253784,0.2690484029343715,7.0,0.4350088092051222,0.3269801637256262,0.3426043228598519,0.4400152279088405
4,upper-quartile A,-0.8152359595253784,0.2690484029343715,8.0,0.401457789386171,0.2787194794594678,0.2939914312246922,0.4053957437050903
4,upper-quartile A,-0.8152359595253784,0.2690484029343715,10.0,0.3489463139160521,0.2025159123202655,0.2164802798236601,0.3509947810157493
4,upper-quartile A,-0.8152359595253784,0.2690484029343715,11.0,0.3281356337632066,0.1726255471311328,0.1857634100061081,0.3294022677111736
4,upper-quartile A,-0.8152359595253784,0.2690484029343715,13.0,0.2942040582916171,0.1254286935195366,0.1367866907263181,0.2942359851587175
4,upper-quartile A,-0.8152359595253784,0.2690484029343715,16.0,0.256521610041061,0.0776845482301566,0.0864309616335429,0.2553898157667992
4,upper-quartile A,-0.8152359595253784,0.2690484029343715,18.0,0.2372152158991855,0.0564451296641636,0.0636433472972796,0.2356430753428685
4,upper-quartile A,-0.8152359595253784,0.2690484029343715,21.0,0.2139609285584157,0.0349594201670463,0.0402141149791195,0.2120528843502549
4,upper-quartile A,-0.8152359595253784,0.2690484029343715,25.0,0.1900583933987434,0.0184564377391024,0.0218044859053189,0.1880576093932088
4,upper-quartile A,-0.8152359595253784,0.2690484029343715,29.0,0.1714287867963798,0.0097438713911639,0.0118226052181457,0.1695346035484291
4,upper-quartile A,-0.8152359595253784,0.2690484029343715,33.0,0.1563263944693542,0.0051441687193187,0.0064103320184233,0.1546231409452182
4,upper-quartile A,-0.8152359595253784,0.2690484029343715,39.0,0.1381631854258026,0.0019732890043129,0.0025593608858688,0.1367945932651277
4,upper-quartile A,-0.8152359595253784,0.2690484029343715,45.0,0.1237065926955074,0.0007569482470353,0.001021839138018,0.122670775195646
4,upper-quartile A,-0.8152359595253784,0.2690484029343715,53.0,0.1083140974311767,0.0002109762213914,0.0003004119506673,0.107681444039248
4,upper-quartile A,-0.8152359595253784,0.2690484029343715,62.0,0.0946226547796968,5.012411841549022e-05,7.578682477105815e-05,0.0943775746293396
4,upper-quartile A,-0.8152359595253784,0.2690484029343715,72.0,0.0824878361513817,1.0150931570162029e-05,1.6406353033385357e-05,0.0825974244206221
4,upper-quartile A,-0.8152359595253784,0.2690484029343715,83.0,0.0717536655340431,1.752310116189909e-06,3.047700085245722e-06,0.0721755256975976
4,upper-quartile A,-0.8152359595253784,0.2690484029343715,97.0,0.0608690500506705,1.8735003651858485e-07,3.577320934741375e-07,0.061594174001442
4,upper-quartile A,-0.8152359595253784,0.2690484029343715,113.0,0.0510989046221751,1.4554202947849645e-08,3.091912884615018e-08,0.0520716051148646
4,upper-quartile A,-0.8152359595253784,0.2690484029343715,132.0,0.0420650518581085,7.002624144441384e-10,1.688581769825769e-09,0.0432309852628764
4,upper-quartile A,-0.8152359595253784,0.2690484029343715,154.0,0.0340247165079963,2.0867525505721968e-11,5.826965485013527e-11,0.035317562968953
4,upper-quartile A,-0.8152359595253784,0.2690484029343715,179.0,0.0270743728124206,3.851401852654891e-13,1.2705398678875688e-12,0.0284257871624801
4,upper-quartile A,-0.8152359595253784,0.2690484029343715,209.0,0.0208496846462537,3.198867807665407e-15,1.2889715123074216e-14,0.0221944019110249
4,upper-quartile A,-0.8152359595253784,0.2690484029343715,243.0,0.0157027192382339,1.4026761506341178e-17,7.090317404394996e-17,0.0169801241170681
4,upper-quartile A,-0.8152359595253784,0.2690484029343715,283.0,0.0113917053003612,2.3593589775419704e-20,1.557180798069459e-19,0.0125490064835658
4,upper-quartile A,-0.8152359595253784,0.2690484029343715,330.0,0.0079135449445158,1.2976334799285453e-23,1.171669812389587e-22,0.0089100636501845
4,upper-quartile A,-0.8152359595253784,0.2690484029343715,384.0,0.0052729069369533,2.333627141310082e-27,3.020398737174139e-26,0.0060881203726955
6,lower-quartile A,-4.022772222666706,0.9463474479911156,1.0,0.9999051088684352,0.9999051086333604,0.9999051129003512,0.9999051131354034
6,lower-quartile A,-4.022772222666706,0.9463474479911156,2.0,0.9998102272113027,0.9998102262710922,0.9998102348042638,0.9998102357443848
6,lower-quartile A,-4.022772222666706,0.9463474479911156,3.0,0.999715355027614,0.999715352912341,0.999715365710884,0.9997153678259564
6,lower-quartile A,-4.022772222666706,0.9463474479911156,4.0,0.9996204923163808,0.9996204885562526,0.9996205056193572,0.9996205093791288
6,lower-quartile A,-4.022772222666706,0.9463474479911156,5.0,0.9995256390766154,0.9995256332019724,0.9995256545288294,0.9995256604029148
6,lower-quartile A,-4.022772222666706,0.9463474479911156,7.0,0.999335961007536,0.9993359494954208,0.9993359793473544,0.9993359908583777
6,lower-quartile A,-4.022772222666706,0.9463474479911156,10.0,0.999051514915229,0.999051491427804,0.9990515340612848,0.999051557546482
6,lower-quartile A,-4.022772222666706,0.9463474479911156,15.0,0.9985776273923886,0.9985775745707508,0.9985776384906366,0.9985776913072656
6,lower-quartile A,-4.022772222666706,0.9463474479911156,20.0,0.9981039763847088,0.9981038825241196,0.9981039677102064,0.998104061561897
6,lower-quartile A,-4.022772222666706,0.9463474479911156,29.0,0.9972520001954992,0.9972518030220762,0.9972519264364555,0.9972521235911936
6,lower-quartile A,-4.022772222666706,0.9463474479911156,40.0,0.996211735040221,0.9962113603097218,0.9962115303588568,0.9962119050538628
6,lower-quartile A,-4.022772222666706,0.9463474479911156,56.0,0.9947006599025028,0.9946999265449866,0.99470016425259,0.9947008975406963
6,lower-quartile A,-4.022772222666706,0.9463474479911156,78.0,0.992626868426992,0.992625448642944,0.9926257790451884,0.9926271986949964
6,lower-quartile A,-4.022772222666706,0.9463474479911156,109.0,0.9897124262908016,0.9897096618414728,0.9897101222011928,0.9897128863895202
6,lower-quartile A,-4.022772222666706,0.9463474479911156,153.0,0.985591249500262,0.985585825428452,0.9855864689290132,0.985591892489763
6,lower-quartile A,-4.022772222666706,0.9463474479911156,213.0,0.9800005422292638,0.9799900895032188,0.9799909802707798,0.9800014320147096
6,lower-quartile A,-4.022772222666706,0.9463474479911156,299.0,0.972045322962255,0.9720248929060812,0.9720261331632924,0.972046561307602
6,lower-quartile A,-4.022772222666706,0.9463474479911156,417.0,0.9612404463254768,0.961201151230768,0.9612028616935632,0.961242153131311
6,lower-quartile A,-4.022772222666706,0.9463474479911156,584.0,0.9461643364414096,0.9460884762991228,0.9460908341050188,0.9461666872429292
6,lower-quartile A,-4.022772222666706,0.9463474479911156,816.0,0.9256320343444951,0.9254871520896332,0.9254903748218264,0.9256352438464236
6,lower-quartile A,-4.022772222666706,0.9463474479911156,1141.0,0.8976543986599673,0.8973797178993294,0.8973840873401309,0.8976587434080885
6,lower-quartile A,-4.022772222666706,0.9463474479911156,1596.0,0.8599723397004775,0.8594575821942536,0.8594634357764578,0.8599781480314357
6,lower-quartile A,-4.022772222666706,0.9463474479911156,2231.0,0.8101443295154942,0.8091971594732232,0.8092048635197276,0.8101519529225687
6,lower-quartile A,-4.022772222666706,0.9463474479911156,3119.0,0.7455042386623922,0.7438021434386771,0.7438120435162822,0.7455140004104349
6,lower-quartile A,-4.022772222666706,0.9463474479911156,4362.0,0.6640036913306014,0.6610434014102613,0.6610557064376916,0.6640157717554012
6,lower-quartile A,-4.022772222666706,0.9463474479911156,6099.0,0.5655006371012493,0.5605875181267783,0.5606021086416343,0.5655148917714908
6,lower-quartile A,-4.022772222666706,0.9463474479911156,8528.0,0.4528263065511294,0.4451820533743099,0.4451982548901949,0.45284206543847
6,lower-quartile A,-4.022772222666706,0.9463474479911156,11924.0,0.3334084047292236,0.3225367024194446,0.3225531149318255,0.3334243454395656
6,lower-quartile A,-4.022772222666706,0.9463474479911156,16673.0,0.2191755412752631,0.2055226924336804,0.2055373159525392,0.2191898463763003
6,lower-quartile A,-4.022772222666706,0.9463474479911156,23313.0,0.123885519346246,0.1094478174188211,0.1094587064635249,0.1238964710323602
6,lower-quartile A,-4.022772222666706,0.9463474479911156,32597.0,0.0574074983901373,0.045351109140146,0.045357418113023,0.0574143165539266
6,lower-quartile A,-4.022772222666706,0.9463474479911156,45579.0,0.0205248131823023,0.0132301254564744,0.0132326990141172,0.0205280706169841
6,lower-quartile A,-4.022772222666706,0.9463474479911156,63731.0,0.0052187732033455,0.0023630346099698,0.0023636773610007,0.0052198816441499
6,lower-quartile A,-4.022772222666706,0.9463474479911156,89112.0,0.0008377799624363,0.0002125441794004,0.0002126250202547,0.0008380204059228
6,lower-quartile A,-4.022772222666706,0.9463474479911156,124602.0,7.097533960861401e-05,7.325016995431879e-06,7.328912933337307e-06,7.100321381013553e-05
6,lower-quartile A,-4.022772222666706,0.9463474479911156,174225.0,2.4459392002241915e-06,6.602497247020297e-08,6.607407943211519e-08,2.4472659797242e-06
6,lower-quartile A,-4.022772222666706,0.9463474479911156,243611.0,2.3800285383766153e-08,9.122632859257039e-11,9.132121538423966e-11,2.3818208853604946e-08
6,lower-quartile A,-4.022772222666706,0.9463474479911156,340630.0,3.936310438240332e-11,9.155881868357004e-15,9.169200563176415e-15,3.9404372488090526e-11
6,lower-quartile A,-4.022772222666706,0.9463474479911156,476288.0,5.4514361865596995e-15,2.3488789061772016e-20,2.353657879480552e-20,5.459405735981152e-15
6,typical A,-2.678836360265897,-0.992898878880531,1.0,0.9979051293990256,0.9979051138723144,0.997907291120591,0.9979073066148088
6,typical A,-2.678836360265897,-0.992898878880531,2.0,0.9958146782692546,0.9958146162925168,0.995818961671636,0.9958190235188098
6,typical A,-2.678836360265897,-0.992898878880531,3.0,0.9937286372226336,0.9937284980670992,0.9937350024882616,0.993735141353193
6,typical A,-2.678836360265897,-0.992898878880531,4.0,0.9916469968911856,0.9916467500218128,0.991655404424775,0.9916556507791414
6,typical A,-2.678836360265897,-0.992898878880531,5.0,0.9895697479269656,0.9895693630016276,0.9895801583546212,0.9895805424777884
6,typical A,-2.678836360265897,-0.992898878880531,6.0,0.9874968810020192,0.9874963278706927,0.9875092551703456,0.9875098071501744
6,typical A,-2.678836360265897,-0.992898878880531,8.0,0.9833642560578209,0.9833632768288234,0.983380441124864,0.9833814183196012
6,typical A,-2.678836360265897,-0.992898878880531,10.0,0.9792490478331182,0.9792475241914468,0.9792688898091572,0.9792704102922574
6,typical A,-2.678836360265897,-0.992898878880531,13.0,0.9731087302569118,0.973106171450692,0.9731337726511802,0.9731363261696632
6,typical A,-2.678836360265897,-0.992898878880531,17.0,0.9649819115057828,0.9649775723452476,0.9650133648778132,0.9650176951094556
6,typical A,-2.678836360265897,-0.992898878880531,21.0,0.9569234395027748,0.9569168734601032,0.9569607186232209,0.9569672712120224
6,typical A,-2.678836360265897,-0.992898878880531,28.0,0.9429838348723818,0.9429723319956088,0.9430299407494244,0.9430414202326328
6,typical A,-2.678836360265897,-0.992898878880531,36.0,0.9273030609991406,0.9272843623501188,0.9273571991281234,0.9273758600762352
6,typical A,-2.678836360265897,-0.992898878880531,46.0,0.9080708121657296,0.9080409160527986,0.9081320548467272,0.9081618913350976
6,typical A,-2.678836360265897,-0.992898878880531,60.0,0.8818185272468567,0.8817691356010786,0.8818845746669718,0.8819338693169358
6,typical A,-2.678836360265897,-0.992898878880531,77.0,0.8509659369288972,0.8508874398412962,0.8510304008332135,0.8511087466821768
6,typical A,-2.678836360265897,-0.992898878880531,99.0,0.8126467442352789,0.8125228325081785,0.8126983562652937,0.8128220352080626
6,typical A,-2.678836360265897,-0.992898878880531,128.0,0.764776398739612,0.7645814765947443,0.764795033008902,0.7649896013110397
6,typical A,-2.678836360265897,-0.992898878880531,166.0,0.7063198134941784,0.7060170750355838,0.7062728277048949,0.7065750417185598
6,typical A,-2.678836360265897,-0.992898878880531,214.0,0.6388641551968236,0.6384091739135845,0.63870732233747,0.6391615631109482
6,typical A,-2.678836360265897,-0.992898878880531,276.0,0.5612380421816101,0.5605734294610434,0.560911097995517,0.5615747189379285
6,typical A,-2.678836360265897,-0.992898878880531,356.0,0.4749286160850592,0.4739934785760759,0.4743617849822586,0.4752956902097304
6,typical A,-2.678836360265897,-0.992898878880531,460.0,0.3823691540482405,0.3811133671122552,0.381496058070592,0.3827504749421851
6,typical A,-2.678836360265897,-0.992898878880531,594.0,0.2893306173505551,0.2877487481845599,0.2881219120425216,0.2897025172626916
6,typical A,-2.678836360265897,-0.992898878880531,767.0,0.2020317190084886,0.2001950731142874,0.2005303706942873,0.2023662408518554
6,typical A,-2.678836360265897,-0.992898878880531,990.0,0.1273366612648177,0.1254168065491677,0.1256879994324202,0.12760797441042
6,typical A,-2.678836360265897,-0.992898878880531,1279.0,0.0701669688960707,0.068414549885427,0.068605730279123,0.0703593590629943
6,typical A,-2.678836360265897,-0.992898878880531,1651.0,0.0327021269677862,0.0313580329415007,0.0314711938842079,0.032817299904535
6,typical A,-2.678836360265897,-0.992898878880531,2132.0,0.0122592813258133,0.011436080560565,0.0114894009264198,0.0123146905437711
6,typical A,-2.678836360265897,-0.992898878880531,2752.0,0.0034942461398415,0.0031160979651682,0.003134864420445,0.003514477868048
6,typical A,-2.678836360265897,-0.992898878880531,3553.0,0.0007007182869289,0.0005808967241179,0.0005854173313955,0.0007059094499381
6,typical A,-2.678836360265897,-0.992898878880531,4588.0,8.984886848360415e-05,6.629348276714947e-05,6.69604246222603e-05,9.06997801945319e-05
6,typical A,-2.678836360265897,-0.992898878880531,5923.0,6.5533937293120235e-06,4.03289773895863e-06,4.085352675974588e-06,6.6326885235501445e-06
6,typical A,-2.678836360265897,-0.992898878880531,7647.0,2.320980032144375e-07,1.0851284299060445e-07,1.1033849695118825e-07,2.3568938247286874e-07
6,typical A,-2.678836360265897,-0.992898878880531,9873.0,3.25878185084618e-09,1.0189378163685698e-09,1.0411249415049243e-09,3.3234037268698193e-09
6,typical A,-2.678836360265897,-0.992898878880531,12747.0,1.3897240161909911e-11,2.458368974768185e-12,2.52769982047928e-12,1.4251426311033308e-11
6,typical A,-2.678836360265897,-0.992898878880531,16457.0,1.2721452705360711e-14,1.0274435363306478e-15,1.0650053988657026e-15,1.3139352279553596e-14
6,typical A,-2.678836360265897,-0.992898878880531,21248.0,1.5871165170865433e-18,4.449858371427814e-20,4.661006944296552e-20,1.6544977389902929e-18
6,upper-quartile A,-1.7589298195562186,-0.3446744040919693,1.0,0.9827128327279848,0.9826459745343354,0.9827299825896114,0.9827956872393058
6,upper-quartile A,-1.7589298195562186,-0.3446744040919693,2.0,0.9658559074779688,0.9655931112685338,0.965758218680578,0.9660165113489304
6,upper-quartile A,-1.7589298195562186,-0.3446744040919693,3.0,0.9494172436593932,0.9488361838261092,0.9490795574297386,0.949650727047692
6,upper-quartile A,-1.7589298195562186,-0.3446744040919693,4.0,0.9333852114909342,0.9323700565292472,0.9326889369490832,0.9336869301665084
6,upper-quartile A,-1.7589298195562186,-0.3446744040919693,5.0,0.9177485214299698,0.9161896828248154,0.9165813827694956,0.918114047455412
6,upper-quartile A,-1.7589298195562186,-0.3446744040919693,6.0,0.9024962139265186,0.9002901037376945,0.9007520063310284,0.9029213267008432
6,upper-quartile A,-1.7589298195562186,-0.3446744040919693,8.0,0.8731024990699772,0.8693139223123514,0.8699086531072108,0.8736349101883407
6,upper-quartile A,-1.7589298195562186,-0.3446744040919693,10.0,0.8451226205103128,0.8394035349146359,0.8401214312396407,0.8457477267457082
6,upper-quartile A,-1.7589298195562186,-0.3446744040919693,12.0,0.8184798069497626,0.8105222708880286,0.8113541769093731,0.8191843753517032
6,upper-quartile A,-1.7589298195562186,-0.3446744040919693,15.0,0.7808654068645343,0.7690528584154691,0.7700396631399177,0.7816670786964554
6,upper-quartile A,-1.7589298195562186,-0.3446744040919693,18.0,0.7458704802923888,0.729705179339495,0.730828902696178,0.7467460994088826
6,upper-quartile A,-1.7589298195562186,-0.3446744040919693,22.0,0.7029285083364337,0.6803552593104493,0.6816360323473631,0.7038724250260109
6,upper-quartile A,-1.7589298195562186,-0.3446744040919693,27.0,0.6546092945457853,0.6233344692358356,0.6247748970744588,0.6555992517997722
6,upper-quartile A,-1.7589298195562186,-0.3446744040919693,33.0,0.6034918205340393,0.5611818539716111,0.5627672420450806,0.6044934026121761
6,upper-quartile A,-1.7589298195562186,-0.3446744040919693,41.0,0.5451756123935899,0.4878431986065785,0.4895560935402956,0.5461419906843202
6,upper-quartile A,-1.7589298195562186,-0.3446744040919693,51.0,0.4851039138403577,0.4094973053944247,0.4112865659771605,0.4859786659800332
6,upper-quartile A,-1.7589298195562186,-0.3446744040919693,62.0,0.4318546281048544,0.3377683260221001,0.33956333797097,0.4326018940732653
6,upper-quartile A,-1.7589298195562186,-0.3446744040919693,76.0,0.3785974649645034,0.2643492197000067,0.2660723118437964,0.3791781186108221
6,upper-quartile A,-1.7589298195562186,-0.3446744040919693,94.0,0.3270570313579665,0.1928969947694489,0.194453335702637,0.3274500059597512
6,upper-quartile A,-1.7589298195562186,-0.3446744040919693,115.0,0.2830039779663354,0.1335562229914667,0.1348757060161934,0.2832327192273708
6,upper-quartile A,-1.7589298195562186,-0.3446744040919693,142.0,0.2423065774309634,0.0832501973715287,0.0842669553441122,0.2424029116539158
6,upper-quartile A,-1.7589298195562186,-0.3446744040919693,174.0,0.2079917698096834,0.0475435724718624,0.0482560651396607,0.2080113987155303
6,upper-quartile A,-1.7589298195562186,-0.3446744040919693,214.0,0.1773181453915581,0.0236034228694096,0.0240392082850125,0.1773097277879976
6,upper-quartile A,-1.7589298195562186,-0.3446744040919693,263.0,0.1502852636790224,0.010009949273986,0.0102375555631927,0.1502872134079031
6,upper-quartile A,-1.7589298195562186,-0.3446744040919693,324.0,0.1258945671351949,0.0034407547554882,0.0035373893147541,0.1259302773791793
6,upper-quartile A,-1.7589298195562186,-0.3446744040919693,398.0,0.1043378241932116,0.0009419711306737,0.0009745724495661,0.1044165745316864
6,upper-quartile A,-1.7589298195562186,-0.3446744040919693,489.0,0.0849971266578554,0.000191501339603,0.0001996764783505,0.0851192893669296
6,upper-quartile A,-1.7589298195562186,-0.3446744040919693,601.0,0.0677416538015435,2.6955333334839323e-05,2.8376447244619615e-05,0.0679011706571817
6,upper-quartile A,-1.7589298195562186,-0.3446744040919693,739.0,0.0525209215183274,2.4068091897911904e-06,2.56376667295825e-06,0.0527071507577837
6,upper-quartile A,-1.7589298195562186,-0.3446744040919693,909.0,0.0393541629501995,1.2272842348320584e-07,1.326458229234027e-07,0.0395533594856965
6,upper-quartile A,-1.7589298195562186,-0.3446744040919693,1117.0,0.0283315453683108,3.217641586354813e-09,3.540042700965921e-09,0.0285286240622733
6,upper-quartile A,-1.7589298195562186,-0.3446744040919693,1373.0,0.0193719364302742,3.640742699593998e-11,4.0941648746660206e-11,0.0195525238198963
6,upper-quartile A,-1.7589298195562186,-0.3446744040919693,1688.0,0.0124322177609584,1.4664592243986374e-13,1.6941050240910824e-13,0.0125846938678263
6,upper-quartile A,-1.7589298195562186,-0.3446744040919693,2075.0,0.0073852657016009,1.6747103771481018e-16,1.9997614427650327e-16,0.0075027684169497
6,upper-quartile A,-1.7589298195562186,-0.3446744040919693,2551.0,0.0039866271805723,4.0267020497634205e-20,5.0079549841573373e-20,0.0040680665113795
6,upper-quartile A,-1.7589298195562186,-0.3446744040919693,3136.0,0.001913976490698,1.4362860172344114e-24,1.8778942630550655e-24,0.0019637788917144
8,lower-quartile A,-5.526540294842795,-0.8486590245414765,1.0,0.999997025188002,0.9999970251873828,0.9999970251911888,0.9999970251918078
8,lower-quartile A,-5.526540294842795,-0.8486590245414765,2.0,0.9999940503860912,0.9999940503836152,0.9999940503912268,0.999994050393703
8,lower-quartile A,-5.526540294842795,-0.8486590245414765,4.0,0.9999881008125322,0.9999881008026288,0.9999881008178516,0.999988100827755
8,lower-quartile A,-5.526540294842795,-0.8486590245414765,5.0,0.9999851260408836,0.9999851260254096,0.999985126044438,0.9999851260599126
8,lower-quartile A,-5.526540294842795,-0.8486590245414765,8.0,0.9999762017864616,0.9999762017468482,0.9999762017772938,0.999976201816907
8,lower-quartile A,-5.526540294842795,-0.8486590245414765,13.0,0.9999613282308352,0.9999613281262324,0.9999613281757056,0.9999613282803084
8,lower-quartile A,-5.526540294842795,-0.8486590245414765,20.0,0.9999405056766112,0.9999405054290356,0.9999405055051468,0.9999405057527216
8,lower-quartile A,-5.526540294842795,-0.8486590245414765,30.0,0.9999107600279468,0.9999107594709178,0.9999107595850812,0.9999107601421086
8,lower-quartile A,-5.526540294842795,-0.8486590245414765,46.0,0.9998631690880326,0.999863167778458,0.9998631679535004,0.999863169263071
8,lower-quartile A,-5.526540294842795,-0.8486590245414765,70.0,0.9997917875192832,0.9997917844869308,0.9997917847532805,0.9997917877856242
8,lower-quartile A,-5.526540294842795,-0.8486590245414765,107.0,0.9996817523147248,0.99968174523032,0.99968174563741,0.9996817527217936
8,lower-quartile A,-5.526540294842795,-0.8486590245414765,164.0,0.9995122656342212,0.9995122489943532,0.9995122496181984,0.9995122662580166
8,lower-quartile A,-5.526540294842795,-0.8486590245414765,250.0,0.999256610876272,0.99925657221901,0.99925657316975,0.9992566118268972
8,lower-quartile A,-5.526540294842795,-0.8486590245414765,383.0,0.9988613845849984,0.998861293891366,0.9988612953473234,0.9988613860406864
8,lower-quartile A,-5.526540294842795,-0.8486590245414765,586.0,0.9982584879624548,0.9982582757786516,0.9982582780049598,0.9982584901881322
8,lower-quartile A,-5.526540294842795,-0.8486590245414765,896.0,0.9973386086526368,0.9973381130512148,0.9973381164521248,0.9973386120520744
8,lower-quartile A,-5.526540294842795,-0.8486590245414765,1370.0,0.99593395126144,0.9959327942294988,0.995932799422224,0.9959339564507298
8,lower-quartile A,-5.526540294842795,-0.8486590245414765,2095.0,0.9937898382602068,0.9937871384342024,0.9937871463577952,0.9937898461757914
8,lower-quartile A,-5.526540294842795,-0.8486590245414765,3205.0,0.9905173164238524,0.990511018605594,0.9905110306874064,0.9905173284870132
8,lower-quartile A,-5.526540294842795,-0.8486590245414765,4901.0,0.9855408416423614,0.9855261890913102,0.9855262074735158,0.9855408599812738
8,lower-quartile A,-5.526540294842795,-0.8486590245414765,7496.0,0.9779815750351364,0.977947561438742,0.9779475893378228,0.9779816028340812
8,lower-quartile A,-5.526540294842795,-0.8486590245414765,11464.0,0.9665502825266002,0.9664716604764428,0.9664717026431856,0.966550324463161
8,lower-quartile A,-5.526540294842795,-0.8486590245414765,17533.0,0.9493600061496856,0.9491793904586432,0.9491794537944476,0.9493600689611984
8,lower-quartile A,-5.526540294842795,-0.8486590245414765,26814.0,0.9237426573485504,0.9233316937801076,0.9233317880046664,0.9237427503957824
8,lower-quartile A,-5.526540294842795,-0.8486590245414765,41009.0,0.8860750842569229,0.8851534385861497,0.8851535767334865,0.8860752198173636
8,lower-quartile A,-5.526540294842795,-0.8486590245414765,62719.0,0.8318158638950138,0.8297942088761385,0.8297944069441401,0.8318160564671175
8,lower-quartile A,-5.526540294842795,-0.8486590245414765,95921.0,0.7560404397826568,0.7517530307939776,0.7517533052253186,0.7560407031340768
8,lower-quartile A,-5.526540294842795,-0.8486590245414765,146699.0,0.6549960687977953,0.646357394953037,0.6463577558180182,0.65499640909444
8,lower-quartile A,-5.526540294842795,-0.8486590245414765,224359.0,0.5291364300653466,0.5130269112091959,0.5130273492641245,0.5291368347012803
8,lower-quartile A,-5.526540294842795,-0.8486590245414765,343129.0,0.3870677362151644,0.3603260378326283,0.3603265083743069,0.3870681635371033
8,lower-quartile A,-5.526540294842795,-0.8486590245414765,524775.0,0.2472368587729577,0.2099030307731932,0.2099034499883956,0.2472372429272817
8,lower-quartile A,-5.526540294842795,-0.8486590245414765,802580.0,0.1322962323603787,0.0918564118940884,0.0918566924653703,0.1322965146613433
8,lower-quartile A,-5.526540294842795,-0.8486590245414765,1227450.0,0.05642045161646,0.0259537498218435,0.0259538710628915,0.0564206163695383
8,lower-quartile A,-5.526540294842795,-0.8486590245414765,1877236.0,0.0176602014443676,0.0037558763292895,0.0037559031627357,0.0176602743519409
8,lower-quartile A,-5.526540294842795,-0.8486590245414765,2871007.0,0.003468065210169,0.0001953494502128,0.0001953515847,0.0034680863369019
8,lower-quartile A,-5.526540294842795,-0.8486590245414765,4390859.0,0.000329258116784,2.1244402936409103e-06,2.1244757947885748e-06,0.0003292611461377
8,lower-quartile A,-5.526540294842795,-0.8486590245414765,6715289.0,1.0175028478234495e-05,2.1096238867561113e-09,2.1096778030503553e-09,1.0175171047684891e-05
8,lower-quartile A,-5.526540294842795,-0.8486590245414765,10270225.0,5.6216267515137454e-08,5.3878744063989486e-14,5.3880850026580736e-14,5.6217470585135353e-08
8,lower-quartile A,-5.526540294842795,-0.8486590245414765,15707072.0,2.2263735949230983e-11,5.096843822846656e-21,5.097148510099085e-21,2.226446442126437e-11
8,typical A,-3.933107788330973,-0.7907029468374737,1.0,0.9998833505439642,0.9998833492689616,0.9998833547975396,0.9998833560723936
8,typical A,-3.933107788330973,-0.7907029468374737,2.0,0.999766717244732,0.999766712145316,0.9997667232011824,0.9997667283000028
8,typical A,-3.933107788330973,-0.7907029468374737,3.0,0.9996501000998236,0.9996500886274764,0.9996501052093414,0.9996501166803502
8,typical A,-3.933107788330973,-0.7907029468374737,4.0,0.99953349910676,0.9995334787138552,0.9995335008204296,0.9995335212109556
8,typical A,-3.933107788330973,-0.7907029468374737,5.0,0.9994169142630625,0.999416882402866,0.9994169100328604,0.9994169418893412
8,typical A,-3.933107788330973,-0.7907029468374737,7.0,0.9991837930138532,0.9991837305824354,0.999183769255404,0.9991838316795412
8,typical A,-3.933107788330973,-0.7907029468374737,10.0,0.9988342321983398,0.998834104831864,0.9988341600596308,0.9988342874112563
8,typical A,-3.933107788330973,-0.7907029468374737,14.0,0.9983683769824704,0.9983681274606327,0.998368204743436,0.998368454236188
8,typical A,-3.933107788330973,-0.7907029468374737,20.0,0.9976700778472356,0.9976695689752711,0.997669679302028,0.9976701881146948
8,typical A,-3.933107788330973,-0.7907029468374737,27.0,0.9968561284795058,0.9968552018172818,0.9968553506368304,0.996856277191112
8,typical A,-3.933107788330973,-0.7907029468374737,38.0,0.9955786580159144,0.9955768248409436,0.9955770340220844,0.9955788669836424
8,typical A,-3.933107788330973,-0.7907029468374737,53.0,0.993839784937736,0.9938362251123656,0.9938365163549406,0.9938400757662164
8,typical A,-3.933107788330973,-0.7907029468374737,74.0,0.9914114195094011,0.9914044967885548,0.9914049024341826,0.9914118243506432
8,typical A,-3.933107788330973,-0.7907029468374737,103.0,0.9880695409863908,0.9880561744377244,0.9880567371457268,0.9880701021436548
8,typical A,-3.933107788330973,-0.7907029468374737,144.0,0.9833676272888878,0.983341626052673,0.9833424089975652,0.9833684072237754
8,typical A,-3.933107788330973,-0.7907029468374737,200.0,0.976988398473608,0.9769385680605798,0.9769396484034184,0.9769894730650543
8,typical A,-3.933107788330973,-0.7907029468374737,279.0,0.9680725987996228,0.9679765159919944,0.9679780092452344,0.9680740810097191
8,typical A,-3.933107788330973,-0.7907029468374737,389.0,0.955818886271502,0.9556344808801174,0.9556365363257132,0.9558209206472946
8,typical A,-3.933107788330973,-0.7907029468374737,542.0,0.93908073309201,0.9387290584020376,0.9387318716259834,0.9390835064642008
8,typical A,-3.933107788330973,-0.7907029468374737,754.0,0.9164617299624982,0.9157977079111352,0.9158015259110104,0.916465473576681
8,typical A,-3.933107788330973,-0.7907029468374737,1050.0,0.8859586035460433,0.8847143875201698,0.8847195239073834,0.8859636027988023
8,typical A,-3.933107788330973,-0.7907029468374737,1463.0,0.8454024083565972,0.84309977233105,0.843106592406216,0.845408980416213
8,typical A,-3.933107788330973,-0.7907029468374737,2038.0,0.7925824110892006,0.788401298365981,0.7884101825606032,0.792590859451557
8,typical A,-3.933107788330973,-0.7907029468374737,2838.0,0.725546602774918,0.7181519627243497,0.718163232006611,0.7255571366645502
8,typical A,-3.933107788330973,-0.7907029468374737,3953.0,0.6431869226542707,0.630559828888923,0.6305736111974177,0.6431995325019846
8,typical A,-3.933107788330973,-0.7907029468374737,5505.0,0.5466626407080892,0.5261337970215478,0.5261498119218601,0.5466769348685199
8,typical A,-3.933107788330973,-0.7907029468374737,7667.0,0.4400723336280857,0.4088473897071334,0.4088647221590678,0.4400874326996427
8,typical A,-3.933107788330973,-0.7907029468374737,10678.0,0.331129862637895,0.2877482935985385,0.2877652830595245,0.3311444683374822
8,typical A,-3.933107788330973,-0.7907029468374737,14872.0,0.2297860408388899,0.1764123962330859,0.1764269033275358,0.2297987926089022
8,typical A,-3.933107788330973,-0.7907029468374737,20714.0,0.1451610571842787,0.0892383690607704,0.0892485903240124,0.14517105157759
8,typical A,-3.933107788330973,-0.7907029468374737,28849.0,0.082161843772189,0.0345463549576836,0.0345518659745392,0.0821689117789748
8,typical A,-3.933107788330973,-0.7907029468374737,40180.0,0.0404782475081272,0.0092115258715795,0.0092135725700184,0.0404827392512072
8,typical A,-3.933107788330973,-0.7907029468374737,55961.0,0.0164697342730401,0.0014615287077903,0.001461981005215,0.016472183176406
8,typical A,-3.933107788330973,-0.7907029468374737,77940.0,0.0051012804364553,0.0001125302708279,0.0001125787759335,0.0051023220827061
8,typical A,-3.933107788330973,-0.7907029468374737,108551.0,0.0010739078996535,3.165206972163143e-06,3.167107308127949e-06,0.0010742122635769
8,typical A,-3.933107788330973,-0.7907029468374737,151186.0,0.000131555094294,2.1895468782409772e-08,2.191377975725994e-08,0.0001316070473943
8,typical A,-3.933107788330973,-0.7907029468374737,210565.0,7.567763134124975e-06,2.1477958066362048e-11,2.1502978574287973e-11,7.571932647375533e-06
8,typical A,-3.933107788330973,-0.7907029468374737,293266.0,1.5172986831269745e-07,1.3869230469422605e-15,1.3891738129426318e-15,1.518465219784936e-07
8,typical A,-3.933107788330973,-0.7907029468374737,408448.0,7.003578947042098e-10,2.0253651176276368e-21,2.0299443713160246e-21,7.011091570158274e-10
8,upper-quartile A,-2.7190025001848523,0.9801355833087546,1.0,0.9980902294719816,0.998090193604098,0.9980919803244804,0.9980920161239278
8,upper-quartile A,-2.7190025001848523,0.9801355833087546,2.0,0.9961841777661988,0.9961840345686656,0.996187601188043,0.9961877441126126
8,upper-quartile A,-2.7190025001848523,0.9801355833087546,3.0,0.9942818375070804,0.9942815159279508,0.9942868556444676,0.9942871766111816
8,upper-quartile A,-2.7190025001848523,0.9801355833087546,4.0,0.9923832013339312,0.9923826307295042,0.9923897367607872,0.9923903062795838
8,upper-quartile A,-2.7190025001848523,0.9801355833087546,5.0,0.990488261900903,0.9904873720341548,0.990496237617264,0.99049712579256
8,upper-quartile A,-2.7190025001848523,0.9801355833087546,6.0,0.988597011876963,0.9885957329159836,0.988606351307362,0.98860762783961
8,upper-quartile A,-2.7190025001848523,0.9801355833087546,8.0,0.9848255508061148,0.9848232857736116,0.9848373896281448,0.9848396503675528
8,upper-quartile A,-2.7190025001848523,0.9801355833087546,10.0,0.9810687597682924,0.9810652341591262,0.9810827967339556,0.9810863156734784
8,upper-quartile A,-2.7190025001848523,0.9801355833087546,13.0,0.9754609524544636,0.975455028243946,0.9754777290914848,0.9754836421268236
8,upper-quartile A,-2.7190025001848523,0.9801355833087546,17.0,0.9680346806780284,0.9680246270870498,0.9680540867891092,0.9680641214879752
8,upper-quartile A,-2.7190025001848523,0.9801355833087546,22.0,0.9588328459657391,0.9588161689477948,0.9588539307746292,0.9588705766045404
8,upper-quartile A,-2.7190025001848523,0.9801355833087546,29.0,0.9460998959264346,0.9460713029814468,0.9461204185928576,0.9461489584266366
8,upper-quartile A,-2.7190025001848523,0.9801355833087546,37.0,0.9317588872825086,0.9317130491783104,0.9317747633208776,0.9318205169424963
8,upper-quartile A,-2.7190025001848523,0.9801355833087546,48.0,0.9124011215708332,0.9123255815829244,0.912403977990722,0.9124793802520303
8,upper-quartile A,-2.7190025001848523,0.9801355833087546,62.0,0.8883556816000194,0.8882329770251736,0.8883315661696626,0.8884540501233457
8,upper-quartile A,-2.7190025001848523,0.9801355833087546,80.0,0.8583866740466192,0.8581892848510648,0.8583121958044622,0.8585092365010432
8,upper-quartile A,-2.7190025001848523,0.9801355833087546,104.0,0.8200244526379312,0.8197058113485631,0.819858433719424,0.8201765262132071
8,upper-quartile A,-2.7190025001848523,0.9801355833087546,135.0,0.7730469151139602,0.772540863258669,0.7727275846703866,0.7732327932056655
8,upper-quartile A,-2.7190025001848523,0.9801355833087546,174.0,0.717820082301626,0.717039723288559,0.7172631044363831,0.7180422177820662
8,upper-quartile A,-2.7190025001848523,0.9801355833087546,225.0,0.651616657668688,0.6504328007831788,0.6506948354987809,0.6518769112093735
8,upper-quartile A,-2.7190025001848523,0.9801355833087546,292.0,0.5739948067747983,0.5722400766672717,0.5725392762946444,0.5742915775448912
8,upper-quartile A,-2.7190025001848523,0.9801355833087546,378.0,0.4879858322763959,0.4854897771900219,0.4858184057089835,0.4883113909749944
8,upper-quartile A,-2.7190025001848523,0.9801355833087546,489.0,0.3960505064894171,0.3926690066376224,0.3930128906591891,0.3963909040448266
8,upper-quartile A,-2.7190025001848523,0.9801355833087546,633.0,0.3024874131335007,0.2981784011347753,0.298516475616814,0.3028221538637249
8,upper-quartile A,-2.7190025001848523,0.9801355833087546,819.0,0.2140241979258797,0.2089569692994506,0.2092635505421567,0.2143285385579958
8,upper-quartile A,-2.7190025001848523,0.9801355833087546,1060.0,0.137194828089979,0.131818362527502,0.1320687313830636,0.137445120371121
8,upper-quartile A,-2.7190025001848523,0.9801355833087546,1371.0,0.0777381270695873,0.0727411505466912,0.072919896856282,0.0779195485712364
8,upper-quartile A,-2.7190025001848523,0.9801355833087546,1775.0,0.037516261152051,0.0336027452171501,0.0337096875608605,0.0376280755482977
8,upper-quartile A,-2.7190025001848523,0.9801355833087546,2298.0,0.0148244723998601,0.0123644327021781,0.0124154014808008,0.0148807455606902
8,upper-quartile A,-2.7190025001848523,0.9801355833087546,2974.0,0.0045640332059828,0.0033958717993882,0.003413999187846,0.0045860413781138
8,upper-quartile A,-2.7190025001848523,0.9801355833087546,3849.0,0.0010248939899099,0.0006375530218043,0.0006419610837574,0.0010311658553054
8,upper-quartile A,-2.7190025001848523,0.9801355833087546,4982.0,0.0001543468608874,7.30948515660301e-05,7.37496610873096e-05,0.0001555468363864
8,upper-quartile A,-2.7190025001848523,0.9801355833087546,6448.0,1.3983935481809251e-05,4.434012072188992e-06,4.485489544561835e-06,1.412248000983898e-05
8,upper-quartile A,-2.7190025001848523,0.9801355833087546,8346.0,6.571926715918411e-07,1.177756819660591e-07,1.195485187231311e-07,6.655268527956926e-07
8,upper-quartile A,-2.7190025001848523,0.9801355833087546,10803.0,1.3191573564215104e-08,1.0745489635870676e-09,1.095531749380278e-09,1.3406614656686393e-08
8,upper-quartile A,-2.7190025001848523,0.9801355833087546,13982.0,8.796552804590784e-11,2.465949385907831e-12,2.5284502955808913e-12,8.981474316400651e-11
8,upper-quartile A,-2.7190025001848523,0.9801355833087546,18097.0,1.401472089457831e-13,9.455058790640234e-16,9.7663816093383e-16,1.439560997724874e-13
8,upper-quartile A,-2.7190025001848523,0.9801355833087546,23424.0,3.491174322451376e-17,3.5737822538634685e-20,3.726825030638777e-20,3.614097712266064e-17
10,lower-quartile A,-7.000077692018696,-0.6297022313951802,1.0,0.9999999000178906,0.9999999000178892,0.9999999000178926,0.9999999000178942
10,lower-quartile A,-7.000077692018696,-0.6297022313951802,2.0,0.9999998000357944,0.9999998000357884,0.9999998000357952,0.9999998000358012
10,lower-quartile A,-7.000077692018696,-0.6297022313951802,3.0,0.9999997000537112,0.9999997000536974,0.999999700053708,0.9999997000537216
10,lower-quartile A,-7.000077692018696,-0.6297022313951802,5.0,0.9999995000895836,0.9999995000895456,0.9999995000895632,0.9999995000896004
10,lower-quartile A,-7.000077692018696,-0.6297022313951802,8.0,0.9999992001434896,0.9999992001433932,0.999999200143421,0.9999992001435176
10,lower-quartile A,-7.000077692018696,-0.6297022313951802,13.0,0.9999987002335936,0.9999987002333388,0.999998700233384,0.9999987002336388
10,lower-quartile A,-7.000077692018696,-0.6297022313951802,22.0,0.9999978003966006,0.9999978003958706,0.9999978003959474,0.999997800396677
10,lower-quartile A,-7.000077692018696,-0.6297022313951802,36.0,0.999996400652262,0.9999964006503074,0.999996400650433,0.9999964006523876
10,lower-quartile A,-7.000077692018696,-0.6297022313951802,61.0,0.9999939011151436,0.999993901109532,0.9999939011097448,0.9999939011153568
10,lower-quartile A,-7.000077692018696,-0.6297022313951802,102.0,0.999989801891876,0.9999898018761854,0.9999898018765412,0.9999898018922316
10,lower-quartile A,-7.000077692018696,-0.6297022313951802,170.0,0.9999830032283392,0.9999830031847544,0.9999830031853476,0.9999830032289326
10,lower-quartile A,-7.000077692018696,-0.6297022313951802,284.0,0.9999716056038708,0.999971605482233,0.999971605483224,0.9999716056048612
10,lower-quartile A,-7.000077692018696,-0.6297022313951802,475.0,0.9999525099629386,0.9999525096226788,0.9999525096243366,0.9999525099645964
10,lower-quartile A,-7.000077692018696,-0.6297022313951802,795.0,0.9999205183299286,0.999920517376817,0.9999205173795912,0.9999205183327026
10,lower-quartile A,-7.000077692018696,-0.6297022313951802,1328.0,0.9998672352239312,0.9998672325645384,0.9998672325691724,0.999867235228565
10,lower-quartile A,-7.000077692018696,-0.6297022313951802,2220.0,0.999778071765304,0.9997780643341958,0.999778064341942,0.9997780717730492
10,lower-quartile A,-7.000077692018696,-0.6297022313951802,3710.0,0.9996291558882126,0.9996291351376082,0.9996291351505516,0.9996291559011536
10,lower-quartile A,-7.000077692018696,-0.6297022313951802,6202.0,0.9993801611077182,0.9993801031330528,0.9993801031546846,0.9993801611293448
10,lower-quartile A,-7.000077692018696,-0.6297022313951802,10365.0,0.9989643840152752,0.9989642221578644,0.9989642221940016,0.9989643840513956
10,lower-quartile A,-7.000077692018696,-0.6297022313951802,17325.0,0.9982697611143256,0.9982693092185532,0.998269309278914,0.9982697611746408
10,lower-quartile A,-7.000077692018696,-0.6297022313951802,28958.0,0.9971101662021472,0.9971089051766056,0.9971089052773788,0.997110166302794
10,lower-quartile A,-7.000077692018696,-0.6297022313951802,48401.0,0.9951759718617252,0.9951724558410256,0.9951724560091326,0.9951759720294816
10,lower-quartile A,-7.000077692018696,-0.6297022313951802,80899.0,0.9919539611410122,0.9919441703308288,0.9919441706108968,0.9919539614201044
10,lower-quartile A,-7.000077692018696,-0.6297022313951802,135216.0,0.986598995881929,0.9865717919374568,0.9865717924030324,0.9865989963448
10,lower-quartile A,-7.000077692018696,-0.6297022313951802,226005.0,0.9777322435941882,0.9776569297241516,0.9776569304953,0.9777322443578788
10,lower-quartile A,-7.000077692018696,-0.6297022313951802,377751.0,0.9631432258988885,0.9629359847216166,0.9629359859911272,0.9631432271480098
10,lower-quartile A,-7.000077692018696,-0.6297022313951802,631384.0,0.9393886555941392,0.9388241338321496,0.9388241359009144,0.9393886576079662
10,lower-quartile A,-7.000077692018696,-0.6297022313951802,1055315.0,0.9013751637091386,0.8998631105819745,0.8998631138962752,0.90137516687897
10,lower-quartile A,-7.000077692018696,-0.6297022313951802,1763885.0,0.8422569370015697,0.8383186883773247,0.8383186935380739,0.8422569417975874
10,lower-quartile A,-7.000077692018696,-0.6297022313951802,2948211.0,0.7544982358294217,0.7447040605159756,0.7447040681785662,0.7544982426321363
10,lower-quartile A,-7.000077692018696,-0.6297022313951802,4927729.0,0.633564751024911,0.6109838381004821,0.6109838486082355,0.6335647597268398
10,lower-quartile A,-7.000077692018696,-0.6297022313951802,8236354.0,0.4849629440851351,0.4388980611840838,0.4388980738003838,0.4849629535909779
10,lower-quartile A,-7.000077692018696,-0.6297022313951802,13766490.0,0.3299733524669612,0.2524851616052283,0.2524851737361117,0.3299733608473196
10,lower-quartile A,-7.000077692018696,-0.6297022313951802,23009726.0,0.1976747231185204,0.1002026052252451,0.1002026132720563,0.1976747291416909
10,lower-quartile A,-7.000077692018696,-0.6297022313951802,38459149.0,0.1032758748140976,0.0213815454641416,0.0213815483340771,0.1032758789448387
10,lower-quartile A,-7.000077692018696,-0.6297022313951802,64281781.0,0.043769315057285,0.0016172493993346,0.0016172497621605,0.0437693178439023
10,lower-quartile A,-7.000077692018696,-0.6297022313951802,107442506.0,0.0127649867850864,2.1610546874605504e-05,2.161055497815517e-05,0.0127649881799517
10,lower-quartile A,-7.000077692018696,-0.6297022313951802,179582641.0,0.0019611737979639,1.593014810837832e-08,1.593015809267865e-08,0.0019611741673977
10,lower-quartile A,-7.000077692018696,-0.6297022313951802,300159836.0,0.0001025417656693,9.258812567123576e-14,9.258822266446773e-14,0.0001025417986967
10,lower-quartile A,-7.000077692018696,-0.6297022313951802,501696192.0,8.820105230225733e-07,1.6425095078297352e-22,1.6425123837868638e-22,8.820110049778103e-07
10,typical A,-5.08599301449222,-0.1160978809704077,1.0,0.9999917963858008,0.9999917963692024,0.999991796386254,0.999991796402852
10,typical A,-5.08599301449222,-0.1160978809704077,2.0,0.9999835928720968,0.9999835928057046,0.9999835928398076,0.9999835929061992
10,typical A,-5.08599301449222,-0.1160978809704077,3.0,0.9999753894588868,0.9999753893095056,0.9999753893606598,0.9999753895100396
10,typical A,-5.08599301449222,-0.1160978809704077,5.0,0.9999589829339436,0.9999589825190026,0.999958982604258,0.9999589830191956
10,typical A,-5.08599301449222,-0.1160978809704077,8.0,0.9999343739001992,0.9999343728379768,0.999934372974382,0.9999343740365956
10,typical A,-5.08599301449222,-0.1160978809704077,11.0,0.9999097657708272,0.9999097637626124,0.9999097639501652,0.9999097659583632
10,typical A,-5.08599301449222,-0.1160978809704077,17.0,0.9998605522250514,0.9998605474288074,0.9998605477186472,0.999860552514852
10,typical A,-5.08599301449222,-0.1160978809704077,25.0,0.9997949397904802,0.9997949294186608,0.999794929844868,0.999794940216602
10,typical A,-5.08599301449222,-0.1160978809704077,38.0,0.9996883332971244,0.999688309336628,0.9996883099843938,0.9996883339446936
10,typical A,-5.08599301449222,-0.1160978809704077,57.0,0.9995325543412008,0.999532500438486,0.9995325014099832,0.9995325553122556
10,typical A,-5.08599301449222,-0.1160978809704077,85.0,0.99930305142635,0.9993029315871156,0.9993029330355068,0.9993030528737584
10,typical A,-5.08599301449222,-0.1160978809704077,127.0,0.9989589446039386,0.998958677168476,0.9989586793317976,0.9989589467650674
10,typical A,-5.08599301449222,-0.1160978809704077,190.0,0.9984431161570896,0.998442517891073,0.998442521125866,0.9984431193869776
10,typical A,-5.08599301449222,-0.1160978809704077,284.0,0.9976742069078964,0.9976728712692138,0.997672876100651,0.9976742117283864
10,typical A,-5.08599301449222,-0.1160978809704077,425.0,0.9965225012315176,0.996519513593394,0.9965195208151792,0.9965225084288256
10,typical A,-5.08599301449222,-0.1160978809704077,636.0,0.9948027361066722,0.9947960570825136,0.994796067871012,0.994802746840486
10,typical A,-5.08599301449222,-0.1160978809704077,952.0,0.9922354555349766,0.9922205293872272,0.9922205454942395,0.9922354715199
10,typical A,-5.08599301449222,-0.1160978809704077,1425.0,0.988411156824642,0.9883778433152712,0.98837786733166,0.98841118056894
10,typical A,-5.08599301449222,-0.1160978809704077,2133.0,0.9827280005597628,0.9826537919256731,0.982653827666223,0.9827280356955332
10,typical A,-5.08599301449222,-0.1160978809704077,3193.0,0.9743106498986271,0.974145794125764,0.974145847164446,0.9743107015981796
10,typical A,-5.08599301449222,-0.1160978809704077,4780.0,0.9619100776276132,0.9615453818465431,0.9615454602197347,0.9619101530528832
10,typical A,-5.08599301449222,-0.1160978809704077,7155.0,0.9437937092397646,0.942992245957156,0.9429923610074196,0.943793817859096
10,typical A,-5.08599301449222,-0.1160978809704077,10710.0,0.9176325351001824,0.9158879508112576,0.9158881180749534,0.917632688518824
10,typical A,-5.08599301449222,-0.1160978809704077,16033.0,0.88049838896569,0.8767535402149329,0.8767537799117199,0.8804985994306037
10,typical A,-5.08599301449222,-0.1160978809704077,24001.0,0.8291472759205566,0.8212759180572473,0.8212762541725972,0.8291475520983695
10,typical A,-5.08599301449222,-0.1160978809704077,35928.0,0.7607659778509436,0.7447242552723718,0.7447247115177796,0.7607663164107907
10,typical A,-5.08599301449222,-0.1160978809704077,53783.0,0.6745094897227127,0.6432526648895884,0.6432532548143816,0.6745098628266
10,typical A,-5.08599301449222,-0.1160978809704077,80510.0,0.5736982013247033,0.5166048424537962,0.5166055516696412,0.5736985464732922
10,typical A,-5.08599301449222,-0.1160978809704077,120520.0,0.4673114608242533,0.372057956721486,0.3720587213315293,0.4673116901280394
10,typical A,-5.08599301449222,-0.1160978809704077,180414.0,0.3682433281493211,0.2276249597817301,0.2276256600438236,0.3682433735607557
10,typical A,-5.08599301449222,-0.1160978809704077,270071.0,0.2869397751556275,0.1090911114568225,0.1090916138435431,0.2869396458147567
10,typical A,-5.08599301449222,-0.1160978809704077,404285.0,0.2253647904693629,0.0362752901676992,0.0362755402424545,0.225364568458332
10,typical A,-5.08599301449222,-0.1160978809704077,605196.0,0.1787970544697954,0.0069791725928925,0.006979244616034,0.1787968209407396
10,typical A,-5.08599301449222,-0.1160978809704077,905952.0,0.1422150912340892,0.0005919276085042,0.0005919367527306,0.1422148852682463
10,typical A,-5.08599301449222,-0.1160978809704077,1356170.0,0.1126444296787693,1.47308943414459e-05,1.47312349990608e-05,0.1126442636089016
10,typical A,-5.08599301449222,-0.1160978809704077,2030127.0,0.0883275457720327,5.8485867464754947e-08,5.8487892121908746e-08,0.0883274218467209
10,typical A,-5.08599301449222,-0.1160978809704077,3039011.0,0.0680825374930782,1.4879651669775322e-11,1.4880422761640814e-11,0.0680824539610025
10,typical A,-5.08599301449222,-0.1160978809704077,4549265.0,0.0510847996633163,6.192278040147755e-17,6.192758412895551e-17,0.0510847527449981
10,typical A,-5.08599301449222,-0.1160978809704077,6810048.0,0.0367893150383626,5.459071180769739e-25,5.459705143867058e-25,0.0367892993194879
10,upper-quartile A,-3.73260773872175,-0.5246738726503554,1.0,0.9998149184482644,0.9998149122411012,0.999814923162769,0.9998149293687836
10,upper-quartile A,-3.73260773872175,-0.5246738726503554,2.0,0.9996298835637388,0.9996298587396808,0.9996298805789736,0.9996299053984375
10,upper-quartile A,-3.73260773872175,-0.5246738726503554,3.0,0.999444895333191,0.999444839489398,0.9994448722422744,0.9994449280757336
10,upper-quartile A,-3.73260773872175,-0.5246738726503554,4.0,0.9992599537433936,0.999259854483914,0.9992598981463332,0.9992599973874468
10,upper-quartile A,-3.73260773872175,-0.5246738726503554,5.0,0.9990750587811228,0.9990749037168898,0.9990749582848124,0.9990751133203556
10,upper-quartile A,-3.73260773872175,-0.5246738726503554,7.0,0.9987054086862852,0.9987051048728746,0.9987051812396902,0.9987054849968984
10,upper-quartile A,-3.73260773872175,-0.5246738726503554,9.0,0.9983359449429672,0.9983354429066696,0.9983355410562338,0.9983360429996732
10,upper-quartile A,-3.73260773872175,-0.5246738726503554,13.0,0.9975975760883584,0.9975965294050524,0.9975966710717168,0.9975977175614836
10,upper-quartile A,-3.73260773872175,-0.5246738726503554,18.0,0.996675661366874,0.996673656563656,0.9966738525360432,0.9966758569686992
10,upper-quartile A,-3.73260773872175,-0.5246738726503554,25.0,0.9953869309865806,0.9953830687024374,0.9953833405338692,0.9953872021044984
10,upper-quartile A,-3.73260773872175,-0.5246738726503554,34.0,0.993733328550213,0.9937261967548476,0.9937265658302418,0.9937336963089864
10,upper-quartile A,-3.73260773872175,-0.5246738726503554,47.0,0.9913514004736385,0.991337805061518,0.9913383140277784,0.9913519069324864
10,upper-quartile A,-3.73260773872175,-0.5246738726503554,65.0,0.988066191640319,0.988040275060452,0.9880409766086514,0.9880668884152316
10,upper-quartile A,-3.73260773872175,-0.5246738726503554,90.0,0.983528018111124,0.9834785609912732,0.983479527881066,0.9835289759092464
10,upper-quartile A,-3.73260773872175,-0.5246738726503554,124.0,0.9774017050900224,0.9773084100037884,0.9773097338055992,0.9774030117857508
10,upper-quartile A,-3.73260773872175,-0.5246738726503554,172.0,0.9688413724131542,0.9686634531035452,0.9686652731024424,0.9688431599087816
10,upper-quartile A,-3.73260773872175,-0.5246738726503554,237.0,0.9574122808430716,0.957078504645434,0.9570809824430232,0.9574146979663452
10,upper-quartile A,-3.73260773872175,-0.5246738726503554,326.0,0.9420616987763584,0.9414404396054744,0.941443792196502,0.942064939200572
10,upper-quartile A,-3.73260773872175,-0.5246738726503554,450.0,0.9212347273706272,0.9200776591440936,0.9200821819444972,0.9212390432456428
10,upper-quartile A,-3.73260773872175,-0.5246738726503554,621.0,0.8935460625109161,0.8914105916186057,0.8914166386220888,0.8935517326252111
10,upper-quartile A,-3.73260773872175,-0.5246738726503554,856.0,0.8573526883828839,0.853465818965308,0.8534737994870135,0.8573599953371188
10,upper-quartile A,-3.73260773872175,-0.5246738726503554,1181.0,0.8106098061279496,0.8036359789772652,0.8036463466535018,0.810618995762778
10,upper-quartile A,-3.73260773872175,-0.5246738726503554,1629.0,0.7519174943277148,0.7396812969088468,0.7396944594257366,0.7519286623830334
10,upper-quartile A,-3.73260773872175,-0.5246738726503554,2247.0,0.6805681272699866,0.6597259963077002,0.659742189831191,0.680581090161297
10,upper-quartile A,-3.73260773872175,-0.5246738726503554,3099.0,0.5975704495292398,0.5634706379976153,0.5634897132183843,0.5975846031052572
10,upper-quartile A,-3.73260773872175,-0.5246738726503554,4274.0,0.5062148144478771,0.4533284782137446,0.4533496436397413,0.5062290914324692
10,upper-quartile A,-3.73260773872175,-0.5246738726503554,5895.0,0.4122673529919078,0.3358155174248579,0.3358371430120472,0.4122804154973266
10,upper-quartile A,-3.73260773872175,-0.5246738726503554,8131.0,0.3229019419513678,0.2219977885660521,0.2220175074010119,0.3229126819346434
10,upper-quartile A,-3.73260773872175,-0.5246738726503554,11215.0,0.2442446748849416,0.1254370376202528,0.1254524057502393,0.2442527947698938
10,upper-quartile A,-3.73260773872175,-0.5246738726503554,15468.0,0.179071626872939,0.0570856541504471,0.057095300593223,0.1790777634275437
10,upper-quartile A,-3.73260773872175,-0.5246738726503554,21334.0,0.126668779787261,0.0192734318799215,0.0192779239994718,0.1266739051996861
10,upper-quartile A,-3.73260773872175,-0.5246738726503554,29426.0,0.0850167437379894,0.0043096590451786,0.0043110445667783,0.0850214180720734
10,upper-quartile A,-3.73260773872175,-0.5246738726503554,40586.0,0.0527383528165223,0.0005461226053657,0.0005463647818865,0.0527425473877008
10,upper-quartile A,-3.73260773872175,-0.5246738726503554,55979.0,0.0292108811238835,3.161159344679519e-05,3.163092975996007e-05,0.0292142754470062
10,upper-quartile A,-3.73260773872175,-0.5246738726503554,77210.0,0.0138048708154809,6.209914409772455e-07,6.215154173223022e-07,0.0138071974637177
10,upper-quartile A,-3.73260773872175,-0.5246738726503554,106493.0,0.0052339643742888,2.748047920659394e-09,2.7512465752872092e-09,0.0052352305580269
10,upper-quartile A,-3.73260773872175,-0.5246738726503554,146882.0,0.0014630273216767,1.5565077645779416e-12,1.5590071756095384e-12,0.0014635305425032
10,upper-quartile A,-3.73260773872175,-0.5246738726503554,202589.0,0.0002684291403771,5.174444916712331e-17,5.1859087437264774e-17,0.0002685594089814
10,upper-quartile A,-3.73260773872175,-0.5246738726503554,279424.0,2.7544147273377253e-05,3.444257752508538e-23,3.4547868629607357e-23,2.7562896419458036e-05
12,lower-quartile A,-8.204109049879152,0.4726817121537359,1.0,0.9999999937498428,0.9999999937498428,0.9999999937498428,0.9999999937498428
12,lower-quartile A,-8.204109049879152,0.4726817121537359,2.0,0.9999999874996854,0.9999999874996852,0.9999999874996854,0.9999999874996848
12,lower-quartile A,-8.204109049879152,0.4726817121537359,3.0,0.9999999812495282,0.9999999812495282,0.9999999812495282,0.9999999812495282
12,lower-quartile A,-8.204109049879152,0.4726817121537359,6.0,0.9999999624990568,0.9999999624990566,0.9999999624990566,0.9999999624990572
12,lower-quartile A,-8.204109049879152,0.4726817121537359,10.0,0.9999999374984292,0.9999999374984284,0.9999999374984284,0.9999999374984292
12,lower-quartile A,-8.204109049879152,0.4726817121537359,19.0,0.99999988124702,0.9999998812470174,0.9999998812470176,0.9999998812470202
12,lower-quartile A,-8.204109049879152,0.4726817121537359,34.0,0.9999997874946814,0.9999997874946728,0.9999997874946732,0.999999787494682
12,lower-quartile A,-8.204109049879152,0.4726817121537359,60.0,0.9999996249906566,0.9999996249906292,0.99999962499063,0.9999996249906574
12,lower-quartile A,-8.204109049879152,0.4726817121537359,109.0,0.999999318733171,0.999999318733081,0.9999993187330825,0.9999993187331724
12,lower-quartile A,-8.204109049879152,0.4726817121537359,195.0,0.999998781220348,0.9999987812200596,0.999998781220062,0.99999878122035
12,lower-quartile A,-8.204109049879152,0.4726817121537359,350.0,0.9999978124482496,0.9999978124473204,0.9999978124473248,0.9999978124482536
12,lower-quartile A,-8.204109049879152,0.4726817121537359,630.0,0.9999960624116324,0.9999960624086224,0.9999960624086298,0.99999606241164
12,lower-quartile A,-8.204109049879152,0.4726817121537359,1131.0,0.999992931106724,0.9999929310970228,0.9999929310970364,0.9999929311067374
12,lower-quartile A,-8.204109049879152,0.4726817121537359,2032.0,0.9999872997922296,0.999987299760915,0.9999872997609394,0.9999872997922538
12,lower-quartile A,-8.204109049879152,0.4726817121537359,3651.0,0.9999771810369688,0.9999771809358768,0.9999771809359204,0.9999771810370124
12,lower-quartile A,-8.204109049879152,0.4726817121537359,6559.0,0.9999590063844788,0.999959006058221,0.9999590060582992,0.9999590063845574
12,lower-quartile A,-8.204109049879152,0.4726817121537359,11785.0,0.9999263456615792,0.9999263446083309,0.9999263446084716,0.99992634566172
12,lower-quartile A,-8.204109049879152,0.4726817121537359,21173.0,0.9998676775737472,0.9998676741742792,0.9998676741745322,0.999867677574
12,lower-quartile A,-8.204109049879152,0.4726817121537359,38040.0,0.9997622832480384,0.9997622722761496,0.999762272276604,0.9997622832484928
12,lower-quartile A,-8.204109049879152,0.4726817121537359,68343.0,0.9995729721221702,0.999572936713778,0.999572936714594,0.9995729721229863
12,lower-quartile A,-8.204109049879152,0.4726817121537359,122787.0,0.999232970589817,0.9992328563348382,0.9992328563363042,0.999232970591282
12,lower-quartile A,-8.204109049879152,0.4726817121537359,220602.0,0.9986225214658132,0.9986221528926024,0.9986221528952348,0.9986225214684428
12,lower-quartile A,-8.204109049879152,0.4726817121537359,396339.0,0.997527072964596,0.9975258845675586,0.9975258845722824,0.9975270729693124
12,lower-quartile A,-8.204109049879152,0.4726817121537359,712073.0,0.9955631492345994,0.9955593208087808,0.995559320817251,0.9955631492430456
12,lower-quartile A,-8.204109049879152,0.4726817121537359,1279329.0,0.9920481894162712,0.9920358754813592,0.992035875496523,0.9920481894313582
12,lower-quartile A,-8.204109049879152,0.4726817121537359,2298475.0,0.985776361353848,0.985736865768314,0.9857368657953848,0.985776361380673
12,lower-quartile A,-8.204109049879152,0.4726817121537359,4129499.0,0.9746462513226858,0.974520212812109,0.9745202128601916,0.9746462513699888
12,lower-quartile A,-8.204109049879152,0.4726817121537359,7419164.0,0.9550863466986532,0.9546877623313132,0.9546877624159418,0.9550863467808364
12,lower-quartile A,-8.204109049879152,0.4726817121537359,13329460.0,0.9213049628224126,0.920064757913053,0.9200647580595844,0.9213049629614504
12,lower-quartile A,-8.204109049879152,0.4726817121537359,23948050.0,0.8647332034069091,0.860984238546612,0.8609842387929695,0.8647332036312225
12,lower-quartile A,-8.204109049879152,0.4726817121537359,43025681.0,0.7749734509509044,0.764206471014243,0.7642064714071038,0.7749734512835279
12,lower-quartile A,-8.204109049879152,0.4726817121537359,77301041.0,0.6451137454874207,0.6168411957350868,0.6168411963048036,0.6451137459128614
12,lower-quartile A,-8.204109049879152,0.4726817121537359,138881032.0,0.4834667096550766,0.4197784097255513,0.419778410422119,0.4834667100787118
12,lower-quartile A,-8.204109049879152,0.4726817121537359,249517222.0,0.321856781001306,0.2102365615197487,0.2102365621465199,0.3218567812915394
12,lower-quartile A,-8.204109049879152,0.4726817121537359,448289036.0,0.1950266717292679,0.0606960284063475,0.0606960287314488,0.1950266718818056
12,lower-quartile A,-8.204109049879152,0.4726817121537359,805407574.0,0.107633180565688,0.006513202112294,0.0065132021749714,0.1076331806878209
12,lower-quartile A,-8.204109049879152,0.4726817121537359,1447015892.0,0.049090927941396,0.0001180884058559,0.0001180884078975,0.0490909280592785
12,lower-quartile A,-8.204109049879152,0.4726817121537359,2599745844.0,0.0154446485138173,8.774590932936603e-08,8.77459120549405e-08,0.0154446485905289
12,lower-quartile A,-8.204109049879152,0.4726817121537359,4670770024.0,0.0024666508119964,2.097106666447932e-13,2.0971067834811966e-13,0.0024666508359566
12,lower-quartile A,-8.204109049879152,0.4726817121537359,8391625152.0,0.0001159787085624,1.6660899319938436e-23,1.6660900990432194e-23,0.0001159787106864
12,typical A,-6.191655112291526,-0.3962445708622244,1.0,0.9999993568018748,0.9999993568017874,0.9999993568019072,0.999999356801994
12,typical A,-6.191655112291526,-0.3962445708622244,2.0,0.9999987136043372,0.9999987136039886,0.999998713604228,0.9999987136045768
12,typical A,-6.191655112291526,-0.3962445708622244,3.0,0.999998070407388,0.9999980704066036,0.9999980704069624,0.9999980704077468
12,typical A,-6.191655112291526,-0.3962445708622244,4.0,0.999997427211027,0.999997427209632,0.9999974272101106,0.999997427211506
12,typical A,-6.191655112291526,-0.3962445708622244,6.0,0.9999961408200688,0.9999961408169302,0.9999961408176482,0.9999961408207868
12,typical A,-6.191655112291526,-0.3962445708622244,10.0,0.9999935680452098,0.9999935680364912,0.9999935680376878,0.9999935680464062
12,typical A,-6.191655112291526,-0.3962445708622244,17.0,0.999989065711847,0.99998906568665,0.9999890656886844,0.9999890657138812
12,typical A,-6.191655112291526,-0.3962445708622244,26.0,0.9999832770398642,0.9999832769809268,0.999983276984038,0.9999832770429758
12,typical A,-6.191655112291526,-0.3962445708622244,42.0,0.9999729861850628,0.9999729860312688,0.9999729860362946,0.999972986190088
12,typical A,-6.191655112291526,-0.3962445708622244,67.0,0.999956907025812,0.9999569066344456,0.9999569066424628,0.9999569070338284
12,typical A,-6.191655112291526,-0.3962445708622244,107.0,0.9999311811354562,0.999931180137319,0.9999311801501224,0.9999311811482592
12,typical A,-6.191655112291526,-0.3962445708622244,171.0,0.999890021667782,0.9998900191186222,0.9998900191390828,0.9998900216882408
12,typical A,-6.191655112291526,-0.3962445708622244,273.0,0.9998244287439124,0.9998244222470803,0.9998244222797432,0.9998244287765712
12,typical A,-6.191655112291526,-0.3962445708622244,436.0,0.9997196213765072,0.999719604807221,0.9997196048593804,0.9997196214286556
12,typical A,-6.191655112291526,-0.3962445708622244,696.0,0.9995524763035718,0.9995524340876112,0.9995524341708608,0.9995524763867945
12,typical A,-6.191655112291526,-0.3962445708622244,1112.0,0.9992851268120768,0.9992850190783774,0.9992850192113496,0.9992851269449796
12,typical A,-6.191655112291526,-0.3962445708622244,1774.0,0.9988598908075216,0.9988596167357382,0.9988596169477818,0.9988598910193888
12,typical A,-6.191655112291526,-0.3962445708622244,2832.0,0.9981808180578255,0.9981801200695946,0.9981801204078689,0.9981808183956508
12,typical A,-6.191655112291526,-0.3962445708622244,4520.0,0.9970987412216292,0.9970969651230484,0.9970969656623636,0.9970987417598032
12,typical A,-6.191655112291526,-0.3962445708622244,7215.0,0.995374592332908,0.9953700747060864,0.9953700755654716,0.9953745931893924
12,typical A,-6.191655112291526,-0.3962445708622244,11516.0,0.9926317690770508,0.9926202917613802,0.992620293129272,0.9926317704375822
12,typical A,-6.191655112291526,-0.3962445708622244,18381.0,0.988276093703885,0.9882469825396162,0.988246984713326,0.9882760958589576
12,typical A,-6.191655112291526,-0.3962445708622244,29338.0,0.9813804136916936,0.9813067715244052,0.9813067749695084,0.9813804170897816
12,typical A,-6.191655112291526,-0.3962445708622244,46827.0,0.9705155243326432,0.9703300065697434,0.9703300120070364,0.9705155296520236
12,typical A,-6.191655112291526,-0.3962445708622244,74741.0,0.9535281745058328,0.9530639315410704,0.9530639400651572,0.9535281827369476
12,typical A,-6.191655112291526,-0.3962445708622244,119296.0,0.927288469315697,0.9261389527374964,0.926138965958638,0.927288481819631
12,typical A,-6.191655112291526,-0.3962445708622244,190410.0,0.8875300933869857,0.8847311981275936,0.884731218286549,0.8875301118312866
12,typical A,-6.191655112291526,-0.3962445708622244,303916.0,0.829077693930912,0.8224411978844024,0.8224412277950182,0.8290777198936945
12,typical A,-6.191655112291526,-0.3962445708622244,485087.0,0.7470706596957359,0.731976264074491,0.7319763065641819,0.7470706936229095
12,typical A,-6.191655112291526,-0.3962445708622244,774255.0,0.6399271630665144,0.6077451827305638,0.6077452390388733,0.6399272024779851
12,typical A,-6.191655112291526,-0.3962445708622244,1235803.0,0.5138106829748136,0.4516415086485146,0.4516415754383006,0.5138107210310319
12,typical A,-6.191655112291526,-0.3962445708622244,1972487.0,0.3849850135387176,0.281196793873485,0.2811968602464916,0.3849850412150974
12,typical A,-6.191655112291526,-0.3962445708622244,3148322.0,0.2732061422904088,0.1319944062509344,0.1319944559790128,0.2732061559199275
12,typical A,-6.191655112291526,-0.3962445708622244,5025093.0,0.1876726192257661,0.0394732569753778,0.0394732807117378,0.1876726249108148
12,typical A,-6.191655112291526,-0.3962445708622244,8020641.0,0.1238511472571001,0.0057482281825625,0.0057482336996543,0.1238511529816237
12,typical A,-6.191655112291526,-0.3962445708622244,12801889.0,0.0752780019601608,0.0002654312303559,0.0002654316369802,0.0752780101505576
12,typical A,-6.191655112291526,-0.3962445708622244,20433325.0,0.0395917597552585,1.959772146617609e-06,1.9597769385654223e-06,0.0395917687688553
12,typical A,-6.191655112291526,-0.3962445708622244,32613996.0,0.0164343055959132,7.756880471168294e-10,7.756910744407005e-10,0.0164343126251488
12,typical A,-6.191655112291526,-0.3962445708622244,52055783.0,0.0046620674703007,2.8765137239793674e-15,2.876531642564397e-15,0.0046620709814101
12,typical A,-6.191655112291526,-0.3962445708622244,83087168.0,0.0007191677775775,6.1749890013325356e-24,6.1750503972125816e-24,0.0007191686953856
12,upper-quartile A,-4.5816821288192795,0.9097069412344964,1.0,0.9999737990589426,0.999973799029349,0.9999737993429988,0.9999737993725916
12,upper-quartile A,-4.5816821288192795,0.9097069412344964,2.0,0.99994759886356,0.999947598745189,0.999947599372472,0.99994759949084
12,upper-quartile A,-4.5816821288192795,0.9097069412344964,3.0,0.9999213994138296,0.9999213991475018,0.9999214000884016,0.999921400354722
12,upper-quartile A,-4.5816821288192795,0.9097069412344964,4.0,0.9998952007097288,0.9998952002362697,0.9998952014907696,0.9998952019642164
12,upper-quartile A,-4.5816821288192795,0.9097069412344964,6.0,0.9998428055383254,0.9998428044730976,0.9998428063547492,0.9998428074199492
12,upper-quartile A,-4.5816821288192795,0.9097069412344964,9.0,0.999764218372876,0.999764215976302,0.9997642187985574,0.999764221195068
12,upper-quartile A,-4.5816821288192795,0.9097069412344964,13.0,0.9996594459224166,0.9996594409226814,0.9996594449988454,0.9996594499984496
12,upper-quartile A,-4.5816821288192795,0.9097069412344964,19.0,0.9995023096083716,0.9995022989301426,0.9995023048866766,0.999502315564626
12,upper-quartile A,-4.5816821288192795,0.9097069412344964,28.0,0.9992666554413292,0.9992666322564054,0.9992666410323856,0.9992666642167022
12,upper-quartile A,-4.5816821288192795,0.9097069412344964,40.0,0.998952543760467,0.9989524964591704,0.998952508992344,0.9989525562924018
12,upper-quartile A,-4.5816821288192795,0.9097069412344964,58.0,0.9984815773209296,0.9984814779168444,0.9984814960813772,0.9984815954828598
12,upper-quartile A,-4.5816821288192795,0.9097069412344964,83.0,0.9978278573449332,0.9978276539126074,0.9978276798896588,0.9978278833166598
12,upper-quartile A,-4.5816821288192795,0.9097069412344964,120.0,0.9968612048394356,0.9968607800191276,0.9968608175399186,0.9968612423491124
12,upper-quartile A,-4.5816821288192795,0.9097069412344964,174.0,0.9954522398988642,0.9954513479769102,0.9954514023051356,0.9954522942037716
12,upper-quartile A,-4.5816821288192795,0.9097069412344964,252.0,0.9934208860191333,0.9934190190291988,0.9934190975508184,0.9934209644919902
12,upper-quartile A,-4.5816821288192795,0.9097069412344964,364.0,0.9905119412497032,0.9905080573373076,0.9905081704250778,0.9905120542361752
12,upper-quartile A,-4.5816821288192795,0.9097069412344964,526.0,0.986320720337136,0.9863126443578408,0.9863128070837102,0.9863208828528016
12,upper-quartile A,-4.5816821288192795,0.9097069412344964,760.0,0.980300712432324,0.9802839557069378,0.9802841893870532,0.9803009456775776
12,upper-quartile A,-4.5816821288192795,0.9097069412344964,1099.0,0.9716501179682776,0.97161538820163,0.9716157231272512,0.971650451996473
12,upper-quartile A,-4.5816821288192795,0.9097069412344964,1589.0,0.9592925762604206,0.9592208987765576,0.9592213768546664,0.9592930524978824
12,upper-quartile A,-4.5816821288192795,0.9097069412344964,2297.0,0.9417379023967928,0.9415908712344806,0.9415915496247516,0.9417385770454794
12,upper-quartile A,-4.5816821288192795,0.9097069412344964,3321.0,0.9169629663007568,0.9166637457312454,0.916664700581739,0.9169639136371206
12,upper-quartile A,-4.5816821288192795,0.9097069412344964,4801.0,0.8823994032326693,0.8817977937507177,0.8817991216259203,0.8824007162910908
12,upper-quartile A,-4.5816821288192795,0.9097069412344964,6940.0,0.8349259358005198,0.833737129725683,0.8337389445947808,0.8349277222204409
12,upper-quartile A,-4.5816821288192795,0.9097069412344964,10033.0,0.7711279213775462,0.7688358568561151,0.768838276332264,0.7711302883077863
12,upper-quartile A,-4.5816821288192795,0.9097069412344964,14504.0,0.6881090959366467,0.6838450946349361,0.6838482056544471,0.688112115374621
12,upper-quartile A,-4.5816821288192795,0.9097069412344964,20967.0,0.584852897916805,0.5773174741682648,0.5773212708889293,0.5848565484557585
12,upper-quartile A,-4.5816821288192795,0.9097069412344964,30310.0,0.4643316328856163,0.4519598979749212,0.4519641947648617,0.4643357264988239
12,upper-quartile A,-4.5816821288192795,0.9097069412344964,43817.0,0.3355342254253198,0.3172506983087135,0.3172550584888348,0.3355383629510629
12,upper-quartile A,-4.5816821288192795,0.9097069412344964,63344.0,0.2134612674668987,0.1901967858450136,0.1902005647780148,0.2134649030508559
12,upper-quartile A,-4.5816821288192795,0.9097069412344964,91572.0,0.1147459131647334,0.0907808683409633,0.0907834758119758,0.11474857549422
12,upper-quartile A,-4.5816821288192795,0.9097069412344964,132379.0,0.0495457731223796,0.031163624894716,0.0311649188888292,0.0495473246918354
12,upper-quartile A,-4.5816821288192795,0.9097069412344964,191370.0,0.0160458729346539,0.0066433067064576,0.0066437054809899,0.0160465538155171
12,upper-quartile A,-4.5816821288192795,0.9097069412344964,276650.0,0.0034992880751191,0.0007111739582379,0.0007112356719376,0.0034994930749478
12,upper-quartile A,-4.5816821288192795,0.9097069412344964,399934.0,0.0004315094886111,2.812655882115743e-05,2.8130087307067974e-05,0.0004315451281772
12,upper-quartile A,-4.5816821288192795,0.9097069412344964,578156.0,2.312307070570842e-05,2.637018203428983e-07,2.637496452090745e-07,2.312579771366259e-05
12,upper-quartile A,-4.5816821288192795,0.9097069412344964,835799.0,3.685957344150586e-07,3.0858247748817355e-10,3.0866338451761916e-10,3.686581730098061e-07
12,upper-quartile A,-4.5816821288192795,0.9097069412344964,1208255.0,1.014347640620436e-09,1.7830453493079322e-14,1.7837212136073483e-14,1.0145951444293006e-09
12,upper-quartile A,-4.5816821288192795,0.9097069412344964,1746688.0,2.198389976505341e-13,1.3313337807727873e-20,1.3320633684338774e-20,2.199163803149241e-13
