n,label,log10A,s,target,M_exact,M_rare_event_approx,ratio_approx_over_exact,abs_log10_err
4,lower-quartile A,-2.4495994054885712,0.9114622004049161,P_nonzero>=0.5,201.0,195.17530492156337,0.9710214175202158,0.012771190886779152
4,lower-quartile A,-2.4495994054885712,0.9114622004049161,P_nonzero>=0.9,721.0,648.3583288471491,0.8992487223954911,0.04612017053139446
4,lower-quartile A,-2.4495994054885712,0.9114622004049161,P_nonzero>=0.95,969.0,843.5336337687121,0.8705197458913437,0.06022137338709658
4,lower-quartile A,-2.4495994054885712,0.9114622004049161,P_nonzero>=0.99,1594.0,1296.716657694298,0.8134985305484931,0.08964322720807785
4,lower-quartile A,-2.4495994054885712,0.9114622004049161,SNR>=0.5,85.0,,,
4,lower-quartile A,-2.4495994054885712,0.9114622004049161,SNR>=1.0,338.0,,,
4,lower-quartile A,-2.4495994054885712,0.9114622004049161,SNR>=2.0,1352.0,,,
4,lower-quartile A,-2.4495994054885712,0.9114622004049161,SNR>=5.0,8446.0,,,
4,typical A,-1.4742643474882855,-0.9850696239987333,P_nonzero>=0.5,21.0,20.658073036343787,0.9837177636354184,0.007129486200495455
4,typical A,-1.4742643474882855,-0.9850696239987333,P_nonzero>=0.9,69.0,68.62463320566552,0.9945599015313843,0.002369054549506621
4,typical A,-1.4742643474882855,-0.9850696239987333,P_nonzero>=0.95,90.0,89.28270624200927,0.9920300693556585,0.003475163775941979
4,typical A,-1.4742643474882855,-0.9850696239987333,P_nonzero>=0.99,140.0,137.249266411331,0.9803519029380786,0.00861800382650822
4,typical A,-1.4742643474882855,-0.9850696239987333,SNR>=0.5,8.0,,,
4,typical A,-1.4742643474882855,-0.9850696239987333,SNR>=1.0,30.0,,,
4,typical A,-1.4742643474882855,-0.9850696239987333,SNR>=2.0,119.0,,,
4,typical A,-1.4742643474882855,-0.9850696239987333,SNR>=5.0,743.0,,,
4,upper-quartile A,-0.8152359595253784,0.26904840293437154,P_nonzero>=0.5,6.0,4.5296163596704355,0.7549360599450726,0.12208982981312681
4,upper-quartile A,-0.8152359595253784,0.26904840293437154,P_nonzero>=0.9,59.0,15.047059844250642,0.25503491261441763,0.5934003634173026
4,upper-quartile A,-0.8152359595253784,0.26904840293437154,P_nonzero>=0.95,116.0,19.57667620392107,0.16876445003380233,0.7727190315264426
4,upper-quartile A,-0.8152359595253784,0.26904840293437154,P_nonzero>=0.99,300.0,30.094119688501276,0.10031373229500426,0.9986396108308396
4,upper-quartile A,-0.8152359595253784,0.26904840293437154,SNR>=0.5,21.0,,,
4,upper-quartile A,-0.8152359595253784,0.26904840293437154,SNR>=1.0,83.0,,,
4,upper-quartile A,-0.8152359595253784,0.26904840293437154,SNR>=2.0,332.0,,,
4,upper-quartile A,-0.8152359595253784,0.26904840293437154,SNR>=5.0,2072.0,,,
6,lower-quartile A,-4.022772222666706,0.9463474479911156,P_nonzero>=0.5,7442.0,7304.620936265469,0.9815400344350268,0.008091981973670491
6,lower-quartile A,-4.022772222666706,0.9463474479911156,P_nonzero>=0.9,25861.0,24265.425510682693,0.938301902891717,0.027657402916994804
6,lower-quartile A,-4.022772222666706,0.9463474479911156,P_nonzero>=0.95,34305.0,31570.046446948152,0.9202753664756785,0.03608220282062589
6,lower-quartile A,-4.022772222666706,0.9463474479911156,P_nonzero>=0.99,55001.0,48530.85102136538,0.8823630665145248,0.05435267865561712
6,lower-quartile A,-4.022772222666706,0.9463474479911156,SNR>=0.5,2942.0,,,
6,lower-quartile A,-4.022772222666706,0.9463474479911156,SNR>=1.0,11767.0,,,
6,lower-quartile A,-4.022772222666706,0.9463474479911156,SNR>=2.0,47065.0,,,
6,lower-quartile A,-4.022772222666706,0.9463474479911156,SNR>=5.0,294153.0,,,
6,typical A,-2.678836360265897,-0.992898878880531,P_nonzero>=0.5,332.0,330.87337494112467,0.996606551027484,0.001476262393000974
6,typical A,-2.678836360265897,-0.992898878880531,P_nonzero>=0.9,1108.0,1099.1375600671224,0.9920014080028181,0.0034877114270507304
6,typical A,-2.678836360265897,-0.992898878880531,P_nonzero>=0.95,1444.0,1430.0109350082464,0.9903122818616665,0.004227834792625928
6,typical A,-2.678836360265897,-0.992898878880531,P_nonzero>=0.99,2233.0,2198.2751201342444,0.9844492253176195,0.006806678442096679
6,typical A,-2.678836360265897,-0.992898878880531,SNR>=0.5,121.0,,,
6,typical A,-2.678836360265897,-0.992898878880531,SNR>=1.0,484.0,,,
6,typical A,-2.678836360265897,-0.992898878880531,SNR>=2.0,1933.0,,,
6,typical A,-2.678836360265897,-0.992898878880531,SNR>=5.0,12080.0,,,
6,upper-quartile A,-1.7589298195562186,-0.34467440409196937,P_nonzero>=0.5,49.0,39.788290543422434,0.8120059294576008,0.09044079942715652
6,upper-quartile A,-1.7589298195562186,-0.34467440409196937,P_nonzero>=0.9,417.0,132.17384020373618,0.31696364557250883,0.49899054671807547
6,upper-quartile A,-1.7589298195562186,-0.34467440409196937,P_nonzero>=0.95,768.0,171.96213074715854,0.22390902441036267,0.6499284023001958
6,upper-quartile A,-1.7589298195562186,-0.34467440409196937,P_nonzero>=0.99,1848.0,264.3476804074723,0.14304528160577507,0.8445264629644247
6,upper-quartile A,-1.7589298195562186,-0.34467440409196937,SNR>=0.5,120.0,,,
6,upper-quartile A,-1.7589298195562186,-0.34467440409196937,SNR>=1.0,479.0,,,
6,upper-quartile A,-1.7589298195562186,-0.34467440409196937,SNR>=2.0,1914.0,,,
6,upper-quartile A,-1.7589298195562186,-0.34467440409196937,SNR>=5.0,11962.0,,,
8,lower-quartile A,-5.526540294842795,-0.8486590245414765,P_nonzero>=0.5,245423.0,233005.2764860439,0.9494027718919739,0.022549504642483564
8,lower-quartile A,-5.526540294842795,-0.8486590245414765,P_nonzero>=0.9,936401.0,774026.7742159871,0.8265975519205843,0.08270588527371045
8,lower-quartile A,-5.526540294842795,-0.8486590245414765,P_nonzero>=0.95,1291653.0,1007032.0507020305,0.7796459658298557,0.1081025639646559
8,lower-quartile A,-5.526540294842795,-0.8486590245414765,P_nonzero>=0.99,2216287.0,1548053.548431974,0.698489657897183,0.1558400198310249
8,lower-quartile A,-5.526540294842795,-0.8486590245414765,SNR>=0.5,116685.0,,,
8,lower-quartile A,-5.526540294842795,-0.8486590245414765,SNR>=1.0,466738.0,,,
8,lower-quartile A,-5.526540294842795,-0.8486590245414765,SNR>=2.0,1866951.0,,,
8,lower-quartile A,-5.526540294842795,-0.8486590245414765,SNR>=5.0,11668439.0,,,
8,typical A,-3.933107788330973,-0.7907029468374737,P_nonzero>=0.5,6382.0,5942.0082352936415,0.9310573856618053,0.03102355048138006
8,typical A,-3.933107788330973,-0.7907029468374737,P_nonzero>=0.9,25933.0,19738.924096874027,0.7611508154426417,0.11852928301243036
8,typical A,-3.933107788330973,-0.7907029468374737,P_nonzero>=0.95,36678.0,25680.932332167657,0.7001726466047128,0.1547948596673533
8,typical A,-3.933107788330973,-0.7907029468374737,P_nonzero>=0.99,65168.0,39477.84819374805,0.6057857874071331,0.21768092004750492
8,typical A,-3.933107788330973,-0.7907029468374737,SNR>=0.5,3428.0,,,
8,typical A,-3.933107788330973,-0.7907029468374737,SNR>=1.0,13711.0,,,
8,typical A,-3.933107788330973,-0.7907029468374737,SNR>=2.0,54841.0,,,
8,typical A,-3.933107788330973,-0.7907029468374737,SNR>=5.0,342752.0,,,
8,upper-quartile A,-2.7190025001848523,0.9801355833087546,P_nonzero>=0.5,366.0,362.93425572535114,0.9916236495228173,0.0036531241644199896
8,upper-quartile A,-2.7190025001848523,0.9801355833087546,P_nonzero>=0.9,1233.0,1205.6415006910786,0.9778114360835999,0.009744887711416112
8,upper-quartile A,-2.7190025001848523,0.9801355833087546,P_nonzero>=0.95,1616.0,1568.5757564164292,0.970653314614127,0.012935858078617616
8,upper-quartile A,-2.7190025001848523,0.9801355833087546,P_nonzero>=0.99,2523.0,2411.2830013821567,0.9557205712969309,0.019669065969278008
8,upper-quartile A,-2.7190025001848523,0.9801355833087546,SNR>=0.5,137.0,,,
8,upper-quartile A,-2.7190025001848523,0.9801355833087546,SNR>=1.0,545.0,,,
8,upper-quartile A,-2.7190025001848523,0.9801355833087546,SNR>=2.0,2177.0,,,
8,upper-quartile A,-2.7190025001848523,0.9801355833087546,SNR>=5.0,13601.0,,,
10,lower-quartile A,-7.000077692018696,-0.6297022313951802,P_nonzero>=0.5,7839003.0,6932711.904728084,0.8843869436876199,0.053357677588434516
10,lower-quartile A,-7.000077692018696,-0.6297022313951802,P_nonzero>=0.9,39331461.0,23029970.450076304,0.5855355957938176,0.2324466982228186
10,lower-quartile A,-7.000077692018696,-0.6297022313951802,P_nonzero>=0.95,59978044.0,29962682.354804374,0.4995608452120308,0.3014116082777635
10,lower-quartile A,-7.000077692018696,-0.6297022313951802,P_nonzero>=0.99,116508518.0,46059940.9001526,0.3953353942769455,0.40303430164224857
10,lower-quartile A,-7.000077692018696,-0.6297022313951802,SNR>=0.5,6305902.0,,,
10,lower-quartile A,-7.000077692018696,-0.6297022313951802,SNR>=1.0,25223608.0,,,
10,lower-quartile A,-7.000077692018696,-0.6297022313951802,SNR>=2.0,100894430.0,,,
10,lower-quartile A,-7.000077692018696,-0.6297022313951802,SNR>=5.0,630590184.0,,,
10,typical A,-5.08599301449222,-0.11609788097040777,P_nonzero>=0.5,106407.0,84492.56131203244,0.7940507796670562,0.10015172348723185
10,typical A,-5.08599301449222,-0.11609788097040777,P_nonzero>=0.9,1656880.0,280678.21323143365,0.16940165445381297,0.7710823524666293
10,typical A,-5.08599301449222,-0.11609788097040777,P_nonzero>=0.95,4679684.0,365170.77454346593,0.07803321218771736,1.1077205152594332
10,typical A,-5.08599301449222,-0.11609788097040777,P_nonzero>=0.99,20382898.0,561356.4264628672,0.027540560054947396,1.5600272323325413
10,typical A,-5.08599301449222,-0.11609788097040777,SNR>=0.5,2260907.0,,,
10,typical A,-5.08599301449222,-0.11609788097040777,SNR>=1.0,9043627.0,,,
10,typical A,-5.08599301449222,-0.11609788097040777,SNR>=2.0,36174507.0,,,
10,typical A,-5.08599301449222,-0.11609788097040777,SNR>=5.0,226090666.0,,,
10,upper-quartile A,-3.7326077387217493,-0.5246738726503554,P_nonzero>=0.5,4366.0,3744.8394202468303,0.8577277646007399,0.06665053160623254
10,upper-quartile A,-3.7326077387217493,-0.5246738726503554,P_nonzero>=0.9,25977.0,12440.08728095965,0.4788885275805385,0.31976556694182723
10,upper-quartile A,-3.7326077387217493,-0.5246738726503554,P_nonzero>=0.95,41912.0,16184.926701206474,0.38616450422806053,0.4132276485430429
10,upper-quartile A,-3.7326077387217493,-0.5246738726503554,P_nonzero>=0.99,86761.0,24880.174561919295,0.28676680261775794,0.5424711259275365
10,upper-quartile A,-3.7326077387217493,-0.5246738726503554,SNR>=0.5,4906.0,,,
10,upper-quartile A,-3.7326077387217493,-0.5246738726503554,SNR>=1.0,19624.0,,,
10,upper-quartile A,-3.7326077387217493,-0.5246738726503554,SNR>=2.0,78495.0,,,
10,upper-quartile A,-3.7326077387217493,-0.5246738726503554,SNR>=5.0,490589.0,,,
12,lower-quartile A,-8.204109049879152,0.47268171215373594,P_nonzero>=0.5,131119143.0,110900757.07773863,0.8458014180106305,0.07273159108120182
12,lower-quartile A,-8.204109049879152,0.47268171215373594,P_nonzero>=0.9,858376881.0,368404340.6808185,0.42918716572565574,0.36735327351378805
12,lower-quartile A,-8.204109049879152,0.47268171215373594,P_nonzero>=0.95,1430374350.0,479305097.75855696,0.335090668927723,0.4748376655387138
12,lower-quartile A,-8.204109049879152,0.47268171215373594,P_nonzero>=0.99,3071142594.0,736808681.3616369,0.2399135366756067,0.6199452470815104
12,lower-quartile A,-8.204109049879152,0.47268171215373594,SNR>=0.5,179024083.0,,,
12,lower-quartile A,-8.204109049879152,0.47268171215373594,SNR>=1.0,716096331.0,,,
12,lower-quartile A,-8.204109049879152,0.47268171215373594,SNR>=2.0,2864385323.0,,,
12,lower-quartile A,-8.204109049879152,0.47268171215373594,SNR>=5.0,17902408264.0,,,
12,typical A,-6.191655112291526,-0.3962445708622244,P_nonzero>=0.5,1298237.0,1077657.0473510162,0.8300926928989207,0.08087340910968419
12,typical A,-6.191655112291526,-0.3962445708622244,P_nonzero>=0.9,9930161.0,3579899.222248702,0.36050767175363035,0.4430854888784859
12,typical A,-6.191655112291526,-0.3962445708622244,P_nonzero>=0.95,17505337.0,4657556.269599716,0.2660649303466546,0.5750123654360049
12,typical A,-6.191655112291526,-0.3962445708622244,P_nonzero>=0.99,40070341.0,7159798.444497402,0.17868074655260363,0.7479222416546489
12,typical A,-6.191655112291526,-0.3962445708622244,SNR>=0.5,2475531.0,,,
12,typical A,-6.191655112291526,-0.3962445708622244,SNR>=1.0,9902123.0,,,
12,typical A,-6.191655112291526,-0.3962445708622244,SNR>=2.0,39608491.0,,,
12,typical A,-6.191655112291526,-0.3962445708622244,SNR>=5.0,247553067.0,,,
12,upper-quartile A,-4.5816821288192795,0.9097069412344965,P_nonzero>=0.5,27292.0,26454.98927875897,0.9693312794503507,0.01352777274345056
12,upper-quartile A,-4.5816821288192795,0.9097069412344965,P_nonzero>=0.9,98053.0,87881.57213505339,0.8962660207750236,0.04756306823125268
12,upper-quartile A,-4.5816821288192795,0.9097069412344965,P_nonzero>=0.95,131921.0,114336.5614138123,0.8667047809962956,0.06212880773453423
12,upper-quartile A,-4.5816821288192795,0.9097069412344965,P_nonzero>=0.99,217281.0,175763.14427010674,0.808920910112282,0.09209393819107528
12,upper-quartile A,-4.5816821288192795,0.9097069412344965,SNR>=0.5,11530.0,,,
12,upper-quartile A,-4.5816821288192795,0.9097069412344965,SNR>=1.0,46118.0,,,
12,upper-quartile A,-4.5816821288192795,0.9097069412344965,SNR>=2.0,184472.0,,,
12,upper-quartile A,-4.5816821288192795,0.9097069412344965,SNR>=5.0,1152946.0,,,
