theta_index,shots,n,F0,p_zero_component_min,p_zero_component_median,p_zero_component_max,p_full_zero,p_stuck_all_iters,n_iters
0,16,12,2.46386649460637e-10,0.9999251871550356,0.9999999922751763,0.9999999960262632,0.9999248132445876,0.8603816886735148,2000
1,16,12,1.102911538370031e-07,0.9998018836997481,0.9999950013028864,0.9999982347130586,0.9997034102524511,0.552518988434774,2000
2,16,12,6.939480286992388e-07,0.9996268912453853,0.9999742334694739,0.9999888596707271,0.9991053218168051,0.16693391003440516,2000
3,16,12,1.097688524942852e-06,0.9943999267993501,0.9999758474873514,0.9999824200864742,0.9931802444103016,1.138006185542773e-06,2000
4,16,12,1.5286357253636178e-11,0.9999996778488982,0.9999999991966309,0.9999999997315132,0.9999994945052293,0.9989895210810643,2000
5,16,12,8.18781292853847e-08,0.9936748489723571,0.9999986107649537,0.9999986899163834,0.9936003659286026,2.6514628942388487e-06,2000
6,16,12,1.0425577154807949e-05,0.9964677668428079,0.9997284969275855,0.9998331705978141,0.9907207367560673,7.98926071358564e-09,2000
7,16,12,6.194338252761956e-08,0.9999386471264805,0.999996697203105,0.9999989520043511,0.9998959440694645,0.8121073935827823,2000
8,16,12,1.990437547712353e-09,0.9999872139751365,0.9999999220865612,0.9999999681265452,0.9999829905136378,0.9665528866678985,2000
9,16,12,2.1527233570002635e-07,0.9997545648811484,0.9999892171715516,0.9999965519966757,0.9996217603011306,0.469248641251687,2000
10,16,12,3.876495687700417e-11,0.9999996449009849,0.9999999979970412,0.9999999993781142,0.9999991953641069,0.9983920217508451,2000
11,16,12,2.8150718585919753e-10,0.9999993053585404,0.9999999884943886,0.9999999954544606,0.9999981654213511,0.9963375624812547,2000
12,16,12,7.944119206086427e-11,0.9999996017955353,0.9999999960450641,0.9999999986456117,0.9999993054140245,0.9986117920198987,2000
13,16,12,2.2325099462102617e-05,0.9913694604119062,0.9991950611181866,0.9996324293659447,0.9825531558289757,5.153588835785701e-16,2000
14,16,12,4.053166645938375e-06,0.9965129639544574,0.9998845467793932,0.9999311002711445,0.994380419591719,1.2738784619769414e-05,2000
15,16,12,7.624925277864625e-10,0.9999957619784485,0.9999999648894571,0.999999987649343,0.9999934826276372,0.9870497977224343,2000
16,16,12,9.317024014580595e-08,0.9999270559292401,0.99999647549491,0.9999984798027244,0.9998343709109682,0.7180000688171387,2000
17,16,12,1.3593119754788796e-08,0.9999842234773615,0.9999992103393995,0.999999779126156,0.9999721181109653,0.9457617841046433,2000
18,16,12,2.392755228407504e-07,0.999414695062352,0.9999895712066977,0.9999956354934331,0.9992728227941337,0.23342756715295807,2000
19,16,12,4.057580298735117e-08,0.9999917557789547,0.999995633441892,0.9999993251342825,0.9999519820298776,0.9084292715782678,2000
20,16,12,2.50812953554447e-07,0.96887942361487,0.9999946031768452,0.9999959493661503,0.9687838315900904,2.842916945337829e-28,2000
21,16,12,0.0011502153429085269,0.7643444183714251,0.9778303536484194,0.9811965012487799,0.5425439426522688,0.0,2000
22,16,12,3.2105685948375105e-10,0.9999962484223872,0.9999999860648734,0.9999999946267374,0.9999955271974521,0.9910942679576763,2000
23,16,12,0.0005736164654336076,0.874754006212898,0.987644732563127,0.9908284306679446,0.7302080291684367,7.820023306172509e-274,2000
24,16,12,0.004085474525017835,0.6240542080093555,0.9322787071937892,0.9376398497979151,0.18991588307146492,0.0,2000
25,16,12,1.4421319261680895e-07,0.9998912147117265,0.9999923634931258,0.9999976862256295,0.9997663144108516,0.6266132243468657,2000
26,16,12,1.1822072633560426e-10,0.999999411410087,0.9999999938873831,0.9999999980971913,0.9999989377498663,0.9978777537599182,2000
27,16,12,5.2793845891770875e-08,0.9998274053665942,0.9999987410471953,0.9999991546541382,0.9997586281685104,0.6170520290895642,2000
28,16,12,9.447771041593724e-07,0.9997096790043465,0.9999456607669513,0.9999838482871256,0.9990531089199315,0.15036654546953235,2000
29,16,12,4.3370907472745324e-07,0.996569322851693,0.9999890552675086,0.9999928689263758,0.9962462135582717,0.0005412121788329993,2000
30,16,12,1.0126082887130214e-09,0.9999876344882357,0.9999999748122215,0.9999999837922054,0.9999769021852972,0.954854636741756,2000
31,16,12,6.449470448216296e-10,0.9999992922471771,0.999999944613351,0.9999999890289074,0.9999983052792992,0.9966162934082655,2000
32,16,12,4.1117618300880996e-14,0.999999999391147,0.999999999990766,0.9999999999993106,0.9999999992916184,0.9999985832378518,2000
33,16,12,0.0007334139777206083,0.9015684793965578,0.9838964408109103,0.9882128952404541,0.70834796990171,3.11391777800759e-300,2000
34,16,12,3.546824014665922e-11,0.9999990224271578,0.9999999986010504,0.9999999994260031,0.9999988381118315,0.9976789201943106,2000
35,16,12,3.199410360888731e-15,0.9999999949049109,0.9999999999996745,0.9999999999999446,0.9999999948730106,0.9999897460737683,2000
36,16,12,0.0007501705474163123,0.8511155667717368,0.983534805604868,0.9881020547619738,0.6711715529489656,0.0,2000
37,16,12,3.1426317627434917e-10,0.9999990913179441,0.999999983031943,0.9999999949453371,0.9999983334675786,0.9966724808835302,2000
38,16,12,1.5875731868199997e-09,0.9999975897279496,0.9999998955031524,0.9999999739441452,0.9999959786356536,0.9919895114738198,2000
39,16,12,2.8764115166387207e-09,0.9997452657972477,0.9999999096576095,0.999999953968578,0.9997358875064266,0.5896095417310521,2000
40,16,12,1.171550188836245e-08,0.9950128091712848,0.9999995431640725,0.9999998115868793,0.9950076915307886,4.496512613365743e-05,2000
41,16,12,7.920307385570781e-10,0.9999962312206656,0.9999999712510641,0.9999999873180643,0.9999942756084984,0.9886164725238974,2000
42,16,12,9.617346226012265e-08,0.9998813856480523,0.999995660263846,0.9999984501669952,0.9997875338226149,0.6537844931267585,2000
43,16,12,8.751222769357351e-08,0.9999640049574697,0.9999966522219529,0.9999985078052769,0.9998693218455742,0.7699933603301062,2000
44,16,12,3.1237448290223386e-07,0.99908861212381,0.9999901253103134,0.9999949815350662,0.9988469171641244,0.09951008384717817,2000
45,16,12,5.1413825144458485e-14,0.9999999950629116,0.9999999999983807,0.9999999999991771,0.9999999903272997,0.9999806547864127,2000
46,16,12,9.009122552567453e-10,0.9999955707914674,0.999999954174849,0.9999999854383197,0.9999926887639377,0.9854838643535844,2000
47,16,12,2.800893363618515e-09,0.9999698680442122,0.9999998450157358,0.9999999544742983,0.9999667952556223,0.93574657596851,2000
48,16,12,1.3548948846048563e-06,0.9880690923366942,0.9999613704763852,0.9999762498711442,0.9875299011712435,1.2604011288621592e-11,2000
49,16,12,5.064456759839473e-07,0.9952324956161641,0.9999901340751995,0.999991865224129,0.9948769395419814,3.457233890079588e-05,2000
50,16,12,6.077027016485021e-06,0.9576807640265053,0.9998543421426769,0.9999004627790063,0.9554885792738045,2.8248852319428318e-40,2000
51,16,12,2.8960124744715493e-10,0.9999996672351847,0.9999999809412392,0.9999999953228793,0.9999989567215252,0.9979156173108668,2000
52,16,12,2.130572727435504e-11,0.9999998571910409,0.9999999978313134,0.9999999996362341,0.999999814743509,0.9996295556150782,2000
53,16,12,1.1158149457598905e-07,0.9998492501762217,0.9999968515186637,0.9999981961133557,0.9997036554515953,0.552790089641974,2000
54,16,12,2.504354905430759e-08,0.9999528748902421,0.9999987648079014,0.9999995992866372,0.9999301191978026,0.8695612647275558,2000
55,16,12,0.0002283308140338727,0.9025845925778346,0.9952887245201287,0.9960911795310601,0.8368320712151059,1.8907406791392228e-155,2000
56,16,12,8.434921392476726e-07,0.9974699545481877,0.9999768488456573,0.9999861473502683,0.9967883053064582,0.0016064532040864698,2000
57,16,12,2.8775691827343474e-11,0.9999968191039279,0.9999999985328349,0.9999999995092592,0.9999967729535352,0.9935666796455893,2000
58,16,12,9.411195349883705e-05,0.8357800372719867,0.9981688015176572,0.9984958561925628,0.8093073227821993,1.6863200183576215e-184,2000
59,16,12,6.559514799162475e-10,0.9999980596920337,0.9999999573506096,0.9999999894875752,0.9999970629138711,0.994143038383451,2000
60,16,12,1.573529433983931e-08,0.9999784159261245,0.9999994160808503,0.9999997442588133,0.9999470027386609,0.8994270482053291,2000
61,16,12,1.0271025904979822e-05,0.984924265407652,0.999742518636922,0.999835647267983,0.9806584477940099,1.0852948769047909e-17,2000
62,16,12,3.464652435971726e-05,0.9873000722138134,0.9991725230692013,0.9994434433524996,0.9672192699668699,1.1217106086176248e-29,2000
63,16,12,1.7865940165344866e-07,0.9994142259771986,0.9999953073939303,0.9999971270781465,0.9992790958143225,0.23637675577587186,2000
64,16,12,8.968616201341871e-12,0.9999998312836399,0.9999999994123002,0.9999999998522131,0.9999998006213396,0.9996013221326792,2000
65,16,12,2.328174692653173e-09,0.9999981220071998,0.9999997847556872,0.9999999615242203,0.9999939340295898,0.9879413181170813,2000
66,16,12,5.104927423848475e-06,0.9973290496488227,0.9998600036801284,0.999918311427596,0.9944824028793111,1.5638877922035625e-05,2000
67,16,12,1.3870222637812032e-11,0.9999998481438024,0.9999999991161082,0.9999999997767876,0.9999998058616975,0.9996117987268409,2000
68,16,12,2.0243040554525705e-09,0.9999893135240658,0.9999998273684281,0.9999999675282137,0.9999872537830692,0.9748295962565813,2000
69,16,12,2.6056776582401465e-06,0.9487154588284745,0.9999503784365362,0.9999583005415138,0.9478069478263836,2.7528077044989084e-47,2000
70,16,12,3.177295044729851e-08,0.999976252666799,0.9999975060580837,0.9999994892551262,0.9999436048768972,0.8933351802216523,2000
71,16,12,3.233064670731457e-06,0.9952497210246912,0.999923786411127,0.9999463710273871,0.9931387931652053,1.046869499806928e-06,2000
72,16,12,7.351380533927545e-09,0.9999865551495777,0.9999996863632103,0.9999998797867763,0.9999694202465788,0.940672304338401,2000
73,16,12,1.1215781639089837e-06,0.999700764201281,0.9999480128113438,0.9999814013776999,0.9989326406314617,0.11814308499366509,2000
74,16,12,2.3926902605672707e-08,0.9999787875753571,0.9999984294595954,0.9999996167883075,0.9999556326915098,0.9150865889088539,2000
75,16,12,1.765048603460029e-05,0.997338351880135,0.9993606639044746,0.9996888432006098,0.9890424084892565,2.6904668122543935e-10,2000
76,16,12,0.00018722829214518885,0.9696052874695092,0.994894106020545,0.9970108962875142,0.9048310662796278,1.3646029244121989e-87,2000
77,16,12,2.059587319342711e-06,0.9990307837122948,0.9999270004783514,0.9999666038649568,0.9978171864046095,0.012646196120785165,2000
78,16,12,1.1521571952275351e-08,0.9998208537352731,0.9999995101922705,0.9999998156119065,0.9998099221336657,0.6837302114695087,2000
79,16,12,2.040906544314664e-06,0.9502411704860477,0.9999430917059661,0.9999671769677965,0.9496090504752979,1.2293915580034877e-45,2000
80,16,12,8.707409494488373e-12,0.9999999521550804,0.9999999995302578,0.9999999998111129,0.9999999176396457,0.9998352928503004,2000
81,16,12,1.0783253401168187e-08,0.9998663109094624,0.999999620188682,0.9999998268875876,0.9998552323172171,0.7485956268720492,2000
82,16,12,1.6697699268328238e-06,0.9977781709881115,0.9999569675689229,0.9999726899826221,0.9967699436917518,0.0015483454009041278,2000
83,16,12,1.2661815375708693e-09,0.9999941406966149,0.9999999574225569,0.999999978984647,0.9999892594015766,0.9787477679328109,2000
84,16,12,9.391491074889695e-05,0.9756694890779672,0.9975343168713499,0.9984918010707658,0.9398192230911611,1.226443937623409e-54,2000
85,16,12,1.6598342028817682e-11,0.9999986655239279,0.9999999994982667,0.9999999997339045,0.9999983087585236,0.9966232283474917,2000
86,16,12,2.3752324332295014e-09,0.9999947394195147,0.9999998462068317,0.9999999601765139,0.999992483307034,0.985078995614038,2000
87,16,12,1.7809253245300719e-06,0.9993149880320535,0.9999626423074679,0.9999714070560353,0.9977941506834141,0.012075561594343203,2000
88,16,12,1.1797264350374717e-06,0.9982195133341248,0.9999595774983514,0.9999811233137897,0.9975186814521294,0.006951455329781339,2000
89,16,12,7.145990316026245e-11,0.9999999048668042,0.9999999936229332,0.9999999987169484,0.9999997922770076,0.9995846402578777,2000
90,16,12,1.7617924476271022e-06,0.999471136041555,0.9999389410217254,0.9999718047726744,0.9981532023798415,0.024797557791916718,2000
91,16,12,1.640773669958467e-06,0.9971447364194148,0.9999516221529516,0.9999736118702756,0.9957201170457048,0.0001881754587331284,2000
92,16,12,1.2365502065689263e-05,0.8945272205585347,0.9997599822842935,0.9998015469000305,0.8905987272305045,2.3128117034743034e-101,2000
93,16,12,1.2287567638806832e-05,0.9957861975912609,0.9996018490022938,0.9998008314742354,0.9900213327331228,1.945832869930735e-09,2000
94,16,12,8.041166316184401e-07,0.9997687498412845,0.9999721709988532,0.9999871296949508,0.9990826793471649,0.15953637955065256,2000
95,16,12,0.00032704213985239235,0.9019671285513499,0.9937343301813606,0.9947834390104392,0.8059771408608581,4.420272288198306e-188,2000
96,16,12,4.0738821544830265e-13,0.9999999995378538,0.9999999999128375,0.9999999999920293,0.9999999982432985,0.999996486603267,2000
97,16,12,4.705580607461098e-09,0.9981270472713122,0.9999998890565531,0.9999999246771201,0.9981220893794435,0.023298828219869786,2000
98,16,12,9.623686070946411e-05,0.9771964793466319,0.9974905194310554,0.9984612257689197,0.9433049040700625,2.0145800305370954e-51,2000
99,16,12,3.1258198170269987e-05,0.9840132107191061,0.9991971984524717,0.9994999708682633,0.9714914139310573,7.549762526971901e-26,2000
0,64,12,2.46386649460637e-10,0.9997007989844846,0.999999969100706,0.9999999841050532,0.9996993036792732,0.5479983089696646,2000
1,64,12,1.102911538370031e-07,0.9992078838052034,0.9999800053699686,0.999992938880267,0.9988142875788403,0.09321637562497444,2000
2,64,12,6.939480286992388e-07,0.9985087690958399,0.9998969379059349,0.9999554397948922,0.9964265467101489,0.0007772825349457421,2000
3,64,12,1.097688524942852e-06,0.9778787994734213,0.9999033938106258,0.9999296831237063,0.9730921824293198,2.032203161494601e-24,2000
4,64,12,1.5286357253636178e-11,0.9999987113965261,0.9999999967865233,0.9999999989260527,0.9999979780228491,0.9959642073983869,2000
5,64,12,8.18781292853847e-08,0.9750564911868969,0.9999944430759499,0.9999947596809798,0.9747641793322724,6.296840237663286e-23,2000
6,64,12,1.0425577154807949e-05,0.9859761829224946,0.9989144564799436,0.9993329327455164,0.9634360576239532,4.4237689424215787e-33,2000
7,64,12,6.194338252761956e-08,0.999754621663091,0.9999867888834226,0.9999958080266124,0.9995838521446084,0.43497403563029857,2000
8,64,12,1.990437547712353e-09,0.9999488573669897,0.9999996883462852,0.9999998725061899,0.999931964302271,0.8727762775653624,2000
9,64,12,2.1527233570002635e-07,0.9990187915060976,0.9999568695036658,0.9999862080935498,0.9984880731665811,0.04850240491935256,2000
10,64,12,3.876495687700417e-11,0.9999985796050721,0.9999999919881648,0.999999997512457,0.9999967814609912,0.9935835852936616,2000
11,64,12,2.8150718585919753e-10,0.9999972214384671,0.9999999539775557,0.9999999818178428,0.9999926617083994,0.98543053981295,2000
12,64,12,7.944119206086427e-11,0.9999984071835619,0.9999999841802565,0.9999999945824469,0.9999972216595614,0.9944587212419136,2000
13,64,12,2.2325099462102617e-05,0.9661062762333111,0.9967841700504612,0.998530888072645,0.9322017632868265,1.0467432188009421e-61,2000
14,64,12,4.053166645938375e-06,0.9861581696480779,0.9995382704164567,0.9997244406526323,0.9777450693900903,2.8266309245773913e-20,2000
15,64,12,7.624925277864625e-10,0.9999830480748222,0.9999998595578363,0.9999999505973731,0.9999739308268007,0.9491968946103574,2000
16,64,12,9.317024014580595e-08,0.9997082703221142,0.9999859020606124,0.9999939192311693,0.9993376668532962,0.265775005422469,2000
17,64,12,1.3593119754788796e-08,0.9999368961088836,0.999996841361718,0.9999991165050542,0.9998884778599845,0.8000694695526296,2000
18,64,12,2.392755228407504e-07,0.9976618345281965,0.9999582855119313,0.9999825421205424,0.997095466855477,0.0029749769937662397,2000
19,64,12,4.057580298735117e-08,0.999967023668349,0.9999825339117031,0.999997300541029,0.9998079425159748,0.6810279991970378,2000
20,64,12,2.50812953554447e-07,0.8838957162551849,0.9999784129059532,0.9999837976104569,0.8835469401551156,2.8790843899060784e-108,2000
21,64,12,0.0011502153429085269,0.4047727791781887,0.9147968320163093,0.9277583163930843,0.1050105811626627,0.0,2000
22,64,12,3.2105685948375105e-10,0.9999849938159865,0.9999999442594948,0.9999999785069498,0.9999821089524072,0.964850207308523,2000
23,64,12,0.0005736164654336076,0.6105101889629967,0.9516044140224476,0.9640561120145434,0.2976341356822113,0.0,2000
24,64,12,0.004085474525017835,0.2172048441349205,0.7635646344056175,0.7828843073628525,0.002492210365472871,0.0,2000
25,64,12,1.4421319261680895e-07,0.9995649623929734,0.9999694544955877,0.9999907449505234,0.9990656240799936,0.15418140078619666,2000
26,64,12,1.1822072633560426e-10,0.9999976456434526,0.9999999755495329,0.9999999923887651,0.9999957510075173,0.9915380029430638,2000
27,64,12,5.2793845891770875e-08,0.9993098877677806,0.9999949641995254,0.9999966186229781,0.999034953260113,0.14499944058648842,2000
28,64,12,9.447771041593724e-07,0.9988394244324418,0.9997826626188528,0.9999353953085366,0.9962181565704793,0.0005115703932503551,2000
29,64,12,4.3370907472745324e-07,0.9863824752704377,0.9999562218235795,0.9999714761472007,0.9851039459221297,9.206983352532338e-14,2000
30,64,12,1.0126082887130214e-09,0.9999505393266733,0.9999998992488897,0.9999999351688242,0.9999076126624137,0.8312844775514954,2000
31,64,12,6.449470448216296e-10,0.9999971689931303,0.9999997784534262,0.9999999561156306,0.9999932211363036,0.9865337193174322,2000
32,64,12,4.1117618300880996e-14,0.9999999975645881,0.9999999999630642,0.9999999999972422,0.999999997166474,0.9999943329641109,2000
33,64,12,0.0007334139777206083,0.6739779083094051,0.9372741069893152,0.9540626713373106,0.25917052506880617,0.0,2000
34,64,12,3.546824014665922e-11,0.9999960897172251,0.999999994404202,0.9999999977040125,0.9999953524583274,0.990747961005549,2000
35,64,12,3.199410360888731e-15,0.9999999796196435,0.9999999999986982,0.9999999999997783,0.9999999794920422,0.9999589849251678,2000
36,64,12,0.0007501705474163123,0.5567965530718685,0.9359548530403232,0.9536631540994879,0.217193693737812,0.0,2000
37,64,12,3.1426317627434917e-10,0.9999963652791528,0.9999999321277742,0.9999999797813484,0.9999933338899083,0.9867562163655403,2000
38,64,12,1.5875731868199997e-09,0.9999903589633561,0.9999995820126839,0.9999998957765868,0.9999839146570624,0.968341035243237,2000
39,64,12,2.8764115166387207e-09,0.998981646865546,0.999999638630487,0.9999998158743311,0.9989441630917146,0.12090025726335829,2000
40,64,12,1.171550188836245e-08,0.9802736639073173,0.9999981726576059,0.9999992463478349,0.9802534967345571,4.751167677872085e-18,2000
41,64,12,7.920307385570781e-10,0.9999849250099241,0.9999998850042613,0.9999999492722587,0.9999771026772564,0.9552376036793643,2000
42,64,12,9.617346226012265e-08,0.9995256670363056,0.9999826411849445,0.9999938006893944,0.9991504508619052,0.18271633349701355,2000
43,64,12,8.751222769357351e-08,0.9998560309089162,0.9999866089605451,0.9999940312396015,0.9994773978232316,0.35152390491101837,2000
44,64,12,3.1237448290223386e-07,0.9963618612869792,0.9999605019300615,0.999979926365699,0.9953981064211452,9.854179568333998e-05,2000
45,64,12,5.1413825144458485e-14,0.9999999802516465,0.9999999999935231,0.9999999999967084,0.9999999613091999,0.9999226213921433,2000
46,64,12,9.009122552567453e-10,0.9999822833416658,0.9999998166994113,0.9999999417532806,0.999970755445901,0.9431877066945571,2000
47,64,12,2.800893363618515e-09,0.9998794803317709,0.9999993800631026,0.9999998178972118,0.9998671903494055,0.7667174405250446,2000
48,64,12,1.3548948846048563e-06,0.9535352632049716,0.9998454917774433,0.9999050040220294,0.9514556128116791,5.985010097803567e-44,2000
49,64,12,5.064456759839473e-07,0.9811328551780009,0.9999605370081877,0.9999674614889994,0.9797316026611957,1.6376992273786992e-18,2000
50,64,12,6.077027016485021e-06,0.8459559889479976,0.9994175032825641,0.9996019375772032,0.8382377788494775,5.425760707337954e-154,2000
51,64,12,2.8960124744715493e-10,0.9999986689417172,0.9999999237649596,0.9999999812915175,0.9999958268933432,0.9916885023579488,2000
52,64,12,2.130572727435504e-11,0.9999994287643466,0.999999991325254,0.9999999985449362,0.9999992589743034,0.9985190457543478,2000
53,64,12,1.1158149457598905e-07,0.9993972020053226,0.9999874061415797,0.999992784482311,0.9988152334153519,0.09339308706082147,2000
54,64,12,2.504354905430759e-08,0.9998115193221188,0.9999950592413805,0.9999983971479939,0.9997205127922674,0.5717505162660337,2000
55,64,12,0.0002283308140338727,0.6826990849955022,0.9813074001886877,0.9844900522049722,0.5049338450877343,0.0,2000
56,64,12,8.434921392476726e-07,0.9899368391272632,0.9999073988230581,0.9999445910703065,0.9872340774019177,6.922706175049486e-12,2000
57,64,12,2.8775691827343474e-11,0.9999872765067567,0.9999999941313398,0.9999999980370368,0.9999870919069613,0.9745140400509387,2000
58,64,12,9.411195349883705e-05,0.5385522481217939,0.9926995631976265,0.9940037477344362,0.47363087381170743,0.0,2000
59,64,12,6.559514799162475e-10,0.999992238801775,0.9999998294024517,0.9999999579503018,0.9999882517189824,0.9767771979712934,2000
60,64,12,1.573529433983931e-08,0.9999136678327885,0.9999976643254676,0.99999897703583,0.9997880304235097,0.6544342935927511,2000
61,64,12,1.0271025904979822e-05,0.941675614751143,0.9989704874485192,0.9993428320564332,0.9254703846766297,5.309474279683031e-68,2000
62,64,12,3.464652435971726e-05,0.9505506305526331,0.9966944955467651,0.997776543052069,0.8758303682279767,6.918299776503623e-116,2000
63,64,12,1.7865940165344866e-07,0.9976599698336512,0.9999812297111577,0.9999885083863754,0.9971205149370825,0.0031282625912189624,2000
64,64,12,8.968616201341871e-12,0.9999993251348156,0.9999999976492009,0.9999999994088524,0.9999992024856827,0.9984062421125987,2000
65,64,12,2.328174692653173e-09,0.9999924880597181,0.9999991390230876,0.9999998460968941,0.9999757363615683,0.952630793310197,2000
66,64,12,5.104927423848475e-06,0.9893776676650279,0.9994401341910815,0.9996733057470336,0.9781324673293667,6.242370231473479e-20,2000
67,64,12,1.3870222637812032e-11,0.9999993925754169,0.9999999964644324,0.9999999991071504,0.9999992234470865,0.9984480990155575,2000
68,64,12,2.0243040554525705e-09,0.9999572551199154,0.9999993094739581,0.9999998701128642,0.9999490164468399,0.9030569087031276,2000
69,64,12,2.6056776582401465e-06,0.8170216599695506,0.9998015319984751,0.9998332178098833,0.8138966660614994,1.3757483386138284e-179,2000
70,64,12,3.177295044729851e-08,0.9999050156007077,0.9999900242761997,0.9999979570228377,0.9997744406126087,0.6368827798153698,2000
71,64,12,3.233064670731457e-06,0.9811978717642095,0.9996951834283239,0.9997855088119756,0.972902541643563,1.376182146877204e-24,2000
72,64,12,7.351380533927545e-09,0.9999462222063487,0.9999987454534498,0.9999995191472316,0.9998776876297842,0.7829865959564505,2000
73,64,12,1.1215781639089837e-06,0.9988038018528977,0.9997920682398771,0.9999256084831625,0.9957377570822694,0.00019496230293628692,2000
74,64,12,2.3926902605672707e-08,0.9999151542553372,0.9999937178553888,0.9999984671545499,0.9998225440087765,0.7012130768941303,2000
75,64,12,1.765048603460029e-05,0.9894089468806354,0.9974451240178529,0.9987561462902175,0.956909498914076,5.517360904872033e-39,2000
76,64,12,0.00018722829214518885,0.8855148133505506,0.9797346782432178,0.9881236926723493,0.6718955417717928,0.0,2000
77,64,12,2.059587319342711e-06,0.9961312096174897,0.9997080340859856,0.9998664253217445,0.9913001211447486,2.5722815642962337e-08,2000
78,64,12,1.1521571952275351e-08,0.9992837033202786,0.9999980407707778,0.999999262447932,0.9992400011998938,0.2185860563955418,2000
79,64,12,2.040906544314664e-06,0.8218699467583486,0.999772386492431,0.9998687175006071,0.819685249076267,1.9689710321923953e-173,2000
80,64,12,8.707409494488373e-12,0.9999998086203423,0.9999999981210314,0.9999999992444515,0.9999996705586318,0.999341334170734,2000
81,64,12,1.0783253401168187e-08,0.9994654041892226,0.9999984807557551,0.9999993075506187,0.9994211084135329,0.3140765861776408,2000
82,64,12,1.6697699268328238e-06,0.9911562881716532,0.9998278817232733,0.9998907664522999,0.9871565529357738,5.916509847804307e-12,2000
83,64,12,1.2661815375708693e-09,0.9999765630940204,0.9999998296902384,0.9999999159385917,0.9999570384299279,0.9176630663132269,2000
84,64,12,9.391491074889695e-05,0.9074585888824374,0.9901756498123838,0.993987507615074,0.7814797609376628,6.846521114418555e-215,2000
85,64,12,1.6598342028817682e-11,0.9999946621117347,0.9999999979930665,0.9999999989356183,0.9999932350569498,0.9865611862595163,2000
86,64,12,2.3752324332295014e-09,0.9999789579247385,0.999999384827487,0.9999998407060694,0.999969933649229,0.9416387170250935,2000
87,64,12,1.7809253245300719e-06,0.9972639475605235,0.9998505787594919,0.9998856355481242,0.9912080587160141,2.1362327234477667e-08,2000
88,64,12,1.1797264350374717e-06,0.9929061231021478,0.9998383203307207,0.9999244964617459,0.9901208574577974,2.379131983771394e-09,2000
89,64,12,7.145990316026245e-11,0.9999996194672971,0.9999999744917334,0.9999999948677938,0.999999169108321,0.9983395959501734,2000
90,64,12,1.7617924476271022e-06,0.997886890633388,0.9997557867294976,0.9998872262427677,0.9926345393245214,3.7911007965759316e-07,2000
91,64,12,1.640773669958467e-06,0.9886511689874474,0.9998065028904434,0.9998944537049718,0.9830156786353473,1.3209590606078491e-15,2000
92,64,12,1.2365502065689263e-05,0.6655376865978105,0.9990403475080074,0.9992065404597985,0.6539262512332147,0.0,2000
93,64,12,1.2287567638806832e-05,0.9832943737405376,0.9984084485186453,0.9992036766992988,0.9607263035158775,1.5825689354704174e-35,2000
94,64,12,8.041166316184401e-07,0.9990754468183408,0.9998886896178674,0.9999485202698777,0.9963360743082836,0.0006482017186574608,2000
95,64,12,0.00032704213985239235,0.6798276853374483,0.9752229437841566,0.9793768112939323,0.434388205799426,0.0,2000
96,64,12,4.0738821544830265e-13,0.999999998151415,0.9999999996513502,0.9999999999681172,0.9999999929731941,0.9999859464868723,2000
97,64,12,4.705580607461098e-09,0.9925396841166612,0.9999995562262949,0.9999996987085313,0.9925199637400183,3.0095531235822183e-07,2000
98,64,12,9.623686070946411e-05,0.9129632529154366,0.9900008991190753,0.9938661586722694,0.7928406901966893,2.35430025973697e-202,2000
99,64,12,3.1258198170269987e-05,0.9382178807443948,0.9967927893246074,0.9980021318206587,0.8913954280243629,1.382943733269394e-100,2000
0,256,12,2.46386649460637e-10,0.998804001265262,0.9999998764028297,0.9999999364202151,0.9987980254251738,0.09022984315369303,2000
1,256,12,1.102911538370031e-07,0.9968371101989646,0.9999200240145707,0.9999717559695848,0.9952674744638086,7.579192628541311e-05,2000
2,256,12,6.939480286992388e-07,0.9940542843467436,0.9995878160638829,0.9998217769696595,0.9857898971492292,3.7044689928327453e-13,2000
3,256,12,1.097688524942852e-06,0.9157793715540146,0.9996136370131756,0.9997187769332742,0.898013034915094,3.675202238990465e-94,2000
4,256,12,1.5286357253636178e-11,0.9999948456010336,0.9999999871460934,0.999999995704211,0.9999919121223183,0.9839543052349518,2000
5,256,12,8.18781292853847e-08,0.9056488638957199,0.9999777725619549,0.9999790389710573,0.9045634117382065,7.551520089986112e-88,2000
6,256,12,1.0425577154807949e-05,0.9455404777664417,0.9956653150569386,0.9973357310880492,0.862139745911756,1.429994408400797e-129,2000
7,256,12,6.194338252761956e-08,0.9990190169006206,0.9999471566697113,0.9999832322537744,0.9983366216336744,0.035810052379715004,2000
8,256,12,1.990437547712353e-09,0.99979545292857,0.9999987533857824,0.999999490024906,0.9997278931681395,0.5802549405853555,2000
9,256,12,2.1527233570002635e-07,0.9960836606046676,0.999827491093054,0.9999448340837023,0.9939687623813308,5.56508672028466e-06,2000
10,256,12,3.876495687700417e-11,0.9999943184384037,0.9999999679526594,0.9999999900498282,0.9999871259169799,0.9745803296411839,2000
11,256,12,2.8150718585919753e-10,0.9999888858227551,0.9999998159102359,0.9999999272713739,0.9999706472014975,0.9429835332326897,2000
12,256,12,7.944119206086427e-11,0.9999936287569845,0.9999999367210277,0.9999999783297879,0.999988886693665,0.9780184577441122,2000
13,256,12,2.2325099462102617e-05,0.873820228314894,0.9871992319245011,0.9941422265305884,0.75754637687527,6.583409383852505e-242,2000
14,256,12,4.053166645938375e-06,0.9462861775885781,0.9981544136236289,0.9988983953592006,0.9144259499749249,1.9819117722989025e-78,2000
15,256,12,7.624925277864625e-10,0.9999321948756447,0.9999994382314721,0.9999998023895141,0.999895728367021,0.8117570855628042,2000
16,256,12,9.317024014580595e-08,0.9988338265277596,0.9999436095379871,0.9999756772490203,0.9973535958445036,0.004992471773330721,2000
17,256,12,1.3593119754788796e-08,0.9997476196219802,0.999987365512783,0.9999964660271009,0.9995539980824673,0.40975215095440576,2000
18,256,12,2.392755228407504e-07,0.9906959706567493,0.9998331530093456,0.9999301708310605,0.9884483196949667,8.089747029071234e-11,2000
19,256,12,4.057580298735117e-08,0.9998681035133241,0.9999301379528986,0.9999892022265018,0.9992320003477122,0.21511351139382145,2000
20,256,12,2.50812953554447e-07,0.6402422406394133,0.9999136548008691,0.9999351927754367,0.6392323249578828,0.0,2000
21,256,12,0.0011502153429085269,0.11557757420298824,0.7073188407484,0.7520955173405266,0.0007242883396645362,0.0,2000
22,256,12,3.2105685948375105e-10,0.9999399772868824,0.9999997770379989,0.9999999140278029,0.9999284384111177,0.866642872287903,2000
23,256,12,0.0005736164654336076,0.2370763048552791,0.8216513858369772,0.8672453369384536,0.014273526674636694,0.0,2000
24,256,12,0.004085474525017835,0.020091659574587434,0.39921515381155026,0.4538742105235912,8.66403238301001e-09,0.0,2000
25,256,12,1.4421319261680895e-07,0.9982615048421531,0.9998778263511007,0.9999629805701674,0.9962683510102714,0.0005658067758134064,2000
26,256,12,1.1822072633560426e-10,0.999990582623484,0.9999999021981358,0.9999999695550612,0.9999830041589169,0.9665792652442087,2000
27,256,12,5.2793845891770875e-08,0.9972438058032362,0.999979856970002,0.9999864745947105,0.9961468504053042,0.00044333529544632333,2000
28,256,12,9.447771041593724e-07,0.9953690065336287,0.9991309631908917,0.9997416157903664,0.9849636765606733,6.925159924561474e-14,2000
29,256,12,4.3370907472745324e-07,0.9471657476794637,0.9998248993503248,0.9998859116555553,0.9422656401230519,2.2218235688295145e-52,2000
30,256,12,1.0126082887130214e-09,0.9998021792841192,0.9999995969956224,0.9999997406753347,0.9996305133793383,0.47753883366365873,2000
31,256,12,6.449470448216296e-10,0.9999886760432705,0.9999991138140588,0.9999998244625388,0.9999728848509207,0.9472132433213131,2000
32,256,12,4.1117618300880996e-14,0.9999999902583526,0.9999999998522568,0.9999999999889687,0.999999988665896,0.9999773320488161,2000
33,256,12,0.0007334139777206083,0.27390663237217105,0.7736978142084634,0.8338685661109557,0.00689570261881938,0.0,2000
34,256,12,3.546824014665922e-11,0.9999843590064058,0.9999999776168078,0.9999999908160501,0.9999814100093362,0.9635023742673294,2000
35,256,12,3.199410360888731e-15,0.9999999184785777,0.9999999999947926,0.9999999999991134,0.9999999179681724,0.9998359497958714,2000
36,256,12,0.0007501705474163123,0.1945040351834051,0.7701625884590757,0.8328679931686276,0.005156955701453738,0.0,2000
37,256,12,3.1426317627434917e-10,0.9999854612346393,0.9999997285111264,0.9999999191253972,0.999973335873126,0.9480680802117113,2000
38,256,12,1.5875731868199997e-09,0.9999614366783296,0.9999983280519232,0.9999995831064414,0.9999356604593562,0.8792524501095365,2000
39,256,12,2.8764115166387207e-09,0.9959359064950462,0.9999985545227327,0.9999992634976294,0.9957864402740955,0.00021498902719463883,2000
40,256,12,1.171550188836245e-08,0.9245096692605181,0.9999926906514782,0.9999969853964168,0.9244335918904021,5.642048390075257e-69,2000
41,256,12,7.920307385570781e-10,0.9999397020758163,0.9999995400171264,0.9999997970890576,0.9999084146010783,0.8326189485100322,2000
42,256,12,9.617346226012265e-08,0.9981046573112836,0.999930566812685,0.9999752031001905,0.996606845711234,0.0011161743666247513,2000
43,256,12,8.751222769357351e-08,0.9994243008493315,0.9999464370058908,0.9999761252543058,0.9979113570268909,0.015273217730438547,2000
44,256,12,3.1237448290223386e-07,0.9855651588669884,0.9998420187404624,0.9999197090695978,0.9817580195022662,1.0207396696390336e-16,2000
45,256,12,5.1413825144458485e-14,0.9999999210065895,0.9999999999740923,0.9999999999868335,0.9999998452368097,0.9996905214938774,2000
46,256,12,9.009122552567453e-10,0.9999291361793019,0.9999992667978856,0.9999997670131522,0.9998830280257021,0.7913953449396075,2000
47,256,12,2.800893363618515e-09,0.9995180517731311,0.9999975202549629,0.9999992715891395,0.9994689105891039,0.34560423860031414,2000
48,256,12,1.3548948846048563e-06,0.8324123861121832,0.9993821250246724,0.9996200886743573,0.8251746009147415,1.2351042701906515e-167,2000
49,256,12,5.064456759839473e-07,0.9276520478247742,0.9998421593502296,0.9998698554350914,0.9223649847622392,6.3916859932315965e-71,2000
50,256,12,6.077027016485021e-06,0.559014626126074,0.9976721667802478,0.9984091325694202,0.5389013574119192,0.0,2000
51,256,12,2.8960124744715493e-10,0.999994675782522,0.9999996950598778,0.999999925166073,0.9999833076892596,0.9671662255443803,2000
52,256,12,2.130572727435504e-11,0.9999977150603135,0.9999999653010165,0.9999999941797447,0.9999970359014972,0.9940893313488386,2000
53,256,12,1.1158149457598905e-07,0.9975920248367863,0.9999496256371005,0.9999711383914422,0.995270700906836,7.628492419029914e-05,2000
54,256,12,2.504354905430759e-08,0.9992463933438785,0.9999802371219216,0.9999935886150962,0.9988826269098589,0.10688565789226108,2000
55,256,12,0.0002283308140338727,0.3192916811779298,0.927598631263419,0.9399062707726279,0.09697125756103012,0.0,2000
56,256,12,8.434921392476726e-07,0.9606408344167395,0.9996296503320062,0.9997783909859662,0.9501998644277353,4.265090375951499e-45,2000
57,256,12,2.8775691827343474e-11,0.9999491074837075,0.999999976525359,0.9999999921481473,0.9999483691129376,0.901888446595594,2000
58,256,12,9.411195349883705e-05,0.23403097263346617,0.9711832099611017,0.9763361169849779,0.14064990008442937,0.0,2000
59,256,12,6.559514799162475e-10,0.9999689557453316,0.9999993176100167,0.9999998318012232,0.999953007891884,0.910295119814236,2000
60,256,12,1.573529433983931e-08,0.9996547373720719,0.9999906573349305,0.9999959081525459,0.9991524330912027,0.1834427602431676,2000
61,256,12,1.0271025904979822e-05,0.7947390990995127,0.9958885470844943,0.9973752106592433,0.7414684283666364,1.5322410957705942e-260,2000
62,256,12,3.464652435971726e-05,0.8217705196346471,0.9868481073648048,0.9911502825532088,0.5953761108852641,0.0,2000
63,256,12,1.7865940165344866e-07,0.9906886967039459,0.9999249210115561,0.9999540347261082,0.9885478124525684,9.893701332431793e-11,2000
64,256,12,8.968616201341871e-12,0.9999973005433566,0.999999990596804,0.9999999976354095,0.9999968099479233,0.9936401953838212,2000
65,256,12,2.328174692653173e-09,0.9999699527335656,0.9999965560977785,0.9999993843877809,0.9999029493374897,0.8235666937684071,2000
66,256,12,5.104927423848475e-06,0.9584733108157386,0.997762446914651,0.9986941829210485,0.9156698189258748,3.004689414153057e-77,2000
67,256,12,1.3870222637812032e-11,0.9999975703049817,0.9999999858577298,0.9999999964286016,0.9999968937930838,0.9938068337231332,2000
68,256,12,2.0243040554525705e-09,0.9998290368566435,0.9999972378997616,0.9999994804516082,0.9997960868183478,0.6650666953848497,2000
69,256,12,2.6056776582401465e-06,0.5068737763654643,0.9992064199314583,0.9993331214538463,0.4991643080909182,0.0,2000
70,256,12,3.177295044729851e-08,0.9996201413237568,0.9999600978066319,0.9999918281286824,0.9990981000173134,0.16453797598513803,2000
71,256,12,3.233064670731457e-06,0.9278539615415415,0.9987813379913562,0.999142430316902,0.8969123461553249,3.162309633747289e-95,2000
72,256,12,7.351380533927545e-09,0.9997849145511482,0.9999949818235381,0.9999980765909491,0.9995108567933492,0.37586480837947805,2000
73,256,12,1.1215781639089837e-06,0.9952271004265175,0.999168544794387,0.9997024814833713,0.9830654672345263,1.4617774681536219e-15,2000
74,256,12,2.3926902605672707e-08,0.9996606802729239,0.9999748716936739,0.9999938686393182,0.9992903878617492,0.24177975652198777,2000
75,256,12,1.765048603460029e-05,0.9585072181498182,0.989819862739872,0.9950369321593984,0.838808486954174,2.1165664130650028e-153,2000
76,256,12,0.00018722829214518885,0.6334014992648939,0.9214052931632581,0.9537450967854967,0.21161847201122524,0.0,2000
77,256,12,2.059587319342711e-06,0.9846530347752286,0.9988326509149835,0.9994658590343739,0.9656960779220057,4.796617974351504e-31,2000
78,256,12,1.1521571952275351e-08,0.9971394204743288,0.9999921631102491,0.9999970497966224,0.996964999779101,0.0022899384304402334,2000
79,256,12,2.040906544314664e-06,0.515196929738514,0.9990898605751364,0.9994750240312645,0.5097409434356707,0.0,2000
80,256,12,8.707409494488373e-12,0.9999992344816979,0.9999999924841253,0.9999999969778057,0.9999986822353095,0.9973679388456057,2000
81,256,12,1.0783253401168187e-08,0.9978641827230866,0.9999939230394519,0.999997230206771,0.9976872966592366,0.00974731380532321,2000
82,256,12,1.6697699268328238e-06,0.9653102254161614,0.9993117100126949,0.9995631701349917,0.9498277978373849,1.9487276644304835e-45,2000
83,256,12,1.2661815375708693e-09,0.9999062572968204,0.9999993187611327,0.9999996637544276,0.999828166896735,0.7091446620447617,2000
84,256,12,9.391491074889695e-05,0.6935390460088928,0.9613085331658946,0.976270855986932,0.38319887924704094,0.0,2000
85,256,12,1.6598342028817682e-11,0.9999786487033067,0.999999991972266,0.9999999957424732,0.9999729405934829,0.9473188522548914,2000
86,256,12,2.3752324332295014e-09,0.9999158356456623,0.9999975393125144,0.9999993628244926,0.9998797413340484,0.7862096473503246,2000
87,256,12,1.7809253245300719e-06,0.989119369908469,0.9994024674765138,0.9995426593484108,0.9653292166516346,2.2433730041011808e-31,2000
88,256,12,1.1797264350374717e-06,0.9720670855300548,0.99935344668283,0.999698037144302,0.961208843790382,4.320320078840106e-35,2000
89,256,12,7.145990316026245e-11,0.9999984778704712,0.9999998979669381,0.9999999794711754,0.9999966764379359,0.9933749081599725,2000
90,256,12,1.7617924476271022e-06,0.9915849505318632,0.999023509086108,0.999549019377311,0.9708822654052356,2.1534572916912302e-26,2000
91,256,12,1.640773669958467e-06,0.9557334531018261,0.9992262399630062,0.9995779143800242,0.9341634092240113,7.009778845730361e-60,2000
92,256,12,1.2365502065689263e-05,0.3240019905712692,0.9961680731523312,0.9968317982994288,0.3019989694855205,0.0,2000
93,256,12,1.2287567638806832e-05,0.9354927958828435,0.9936505942063067,0.9968203104593092,0.8525937794831078,3.050137570021713e-139,2000
94,256,12,8.041166316184401e-07,0.9963089335754426,0.9995548484135621,0.9997941049181449,0.9854295705641987,1.7831205476527565e-13,2000
95,256,12,0.00032704213985239235,0.3085272664472512,0.9052724342484644,0.9212320728874697,0.05325178543494841,0.0,2000
96,256,12,4.0738821544830265e-13,0.9999999926056604,0.9999999986054012,0.9999999998724686,0.9999999718927771,0.9999437871334474,2000
97,256,12,4.705580607461098e-09,0.9706548746554321,0.9999982249064929,0.9999987948349419,0.9705777351965755,1.1498706258831053e-26,2000
98,256,12,9.623686070946411e-05,0.708203860170493,0.9606165837273859,0.9758004030222887,0.40356917725920877,0.0,2000
99,256,12,3.1258198170269987e-05,0.7834168477196177,0.9872348133207296,0.992044351394037,0.6386933532736229,0.0,2000
0,1024,12,2.46386649460637e-10,0.9952288582270306,0.9999995056114126,0.9999997456808962,0.99520504066938,6.685502710168103e-05,2000
1,1024,12,1.102911538370031e-07,0.9874370598336036,0.9996801366089023,0.9998870310541883,0.9812337520953712,3.507171202705301e-17,2000
2,1024,12,6.939480286992388e-07,0.9765207980581224,0.9983522947546828,0.9992873924147959,0.9444712293594439,2.38487607297123e-50,2000
3,1024,12,1.097688524942852e-06,0.7202347169206941,0.9984555358169672,0.9988758183322409,0.6663412316208939,0.0,2000
4,1024,12,1.5286357253636178e-11,0.9999793826430012,0.9999999485843745,0.9999999828168442,0.9999676489840252,0.9373457401088136,2000
5,1024,12,8.18781292853847e-08,0.6936222893824073,0.9999110943781285,0.999916159838266,0.6903038704847451,1.2e-322,2000
6,1024,12,1.0425577154807949e-05,0.805638604392122,0.9827803745517286,0.9894065716995946,0.5583111072440512,0.0,2000
7,1024,12,6.194338252761956e-08,0.9960845345501131,0.9997886448537832,0.9999329313722224,0.9933658435171066,1.6536582105800206e-06,2000
8,1024,12,1.990437547712353e-09,0.9991821869245522,0.9999950135534015,0.9999979601019617,0.9989121477326873,0.11339377128455669,2000
9,1024,12,2.1527233570002635e-07,0.984469467051262,0.9993101735651564,0.9997793636837214,0.9761359199653887,1.0485486205845885e-21,2000
10,1024,12,3.876495687700417e-11,0.9999772740434585,0.9999998718106456,0.9999999601993139,0.9999485048361455,0.9021333068393134,2000
11,1024,12,2.8150718585919753e-10,0.9999555443931805,0.9999992636411519,0.9999997090855424,0.9998825946921377,0.7907096854190176,2000
12,1024,12,7.944119206086427e-11,0.9999745153917198,0.9999997468841366,0.9999999133191557,0.9999555476613605,0.9149309753318309,2000
13,1024,12,2.2325099462102617e-05,0.6115560527364026,0.9497814877191102,0.9768641765192563,0.34604902285835154,0.0,2000
14,1024,12,4.053166645938375e-06,0.808826863421122,0.9926389131662501,0.9956036836815061,0.7055320990862035,1.0803255483932504e-303,2000
15,1024,12,7.624925277864625e-10,0.999728820718471,0.9999977529279185,0.9999992095584024,0.999582994410532,0.43422818074720576,2000
16,1024,12,9.317024014580595e-08,0.99534720163383,0.99977445887882,0.999902714185312,0.989461052053166,6.272023449837523e-10,2000
17,1024,12,1.3593119754788796e-08,0.9989910411794759,0.9999494631056869,0.9999858642185427,0.998217377623205,0.028200198059922525,2000
18,1024,12,2.392755228407504e-07,0.9635471437284981,0.9993327873829856,0.9997207209017619,0.9548339714528653,7.173386213215375e-41,2000
19,1024,12,4.057580298735117e-08,0.9994725554566174,0.9997205887043779,0.9999568099041594,0.9969316821196753,0.0021418836268616943,2000
20,1024,12,2.50812953554447e-07,0.3048865212341936,0.9996546700296507,0.9997408084345054,0.30296749877562984,0.0,2000
21,1024,12,0.0011502153429085269,0.009448230642067876,0.29089248005777546,0.39860992431850534,3.470657498505124e-10,0.0,2000
22,1024,12,3.2105685948375105e-10,0.9997599415104701,0.9999991081523156,0.9999996561112743,0.9997137952626164,0.5641182402905012,2000
23,1024,12,0.0005736164654336076,0.045348939267249706,0.47083853121953584,0.6019917619770205,1.465458026522046e-06,0.0,2000
24,1024,12,0.004085474525017835,1.682432549358452e-05,0.10454262279728209,0.20150915416338505,7.933274155341144e-23,0.0,2000
25,1024,12,1.4421319261680895e-07,0.9930724100910837,0.9995114392659022,0.999851934568903,0.9851665506972919,1.0454798914659552e-13,2000
26,1024,12,1.1822072633560426e-10,0.9999623312887,0.9999996087926113,0.9999998782202533,0.9999320186971744,0.8728712383513371,2000
27,1024,12,5.2793845891770875e-08,0.9890429109831583,0.9999194306303354,0.9999459000235694,0.9846992350383748,4.0476325302779135e-14,2000
28,1024,12,9.447771041593724e-07,0.9816553258758036,0.9965288497362657,0.9989670157841217,0.9412810696480494,2.7456750031323334e-53,2000
29,1024,12,4.3370907472745324e-07,0.8120878702321429,0.9992997902515625,0.9995437596641671,0.7954281020822154,1.5916979662088853e-199,2000
30,1024,12,1.0126082887130214e-09,0.9992090686306019,0.9999983879835039,0.9999989627019438,0.9985230565586076,0.05202294566562974,2000
31,1024,12,6.449470448216296e-10,0.9999547053050449,0.9999964552618985,0.999999297850412,0.9998915442947915,0.8049918113048254,2000
32,1024,12,4.1117618300880996e-14,0.9999999610334114,0.9999999994090276,0.9999999999558749,0.9999999546635854,0.9999093312793567,2000
33,1024,12,0.0007334139777206083,0.03976401203089487,0.3730345609004105,0.5336438140215713,8.318659786558717e-08,0.0,2000
34,1024,12,3.546824014665922e-11,0.9999374382256423,0.9999999104672355,0.9999999632642009,0.9999256428536648,0.8618105414906498,2000
35,1024,12,3.199410360888731e-15,0.9999996739143708,0.9999999999791702,0.9999999999964533,0.9999996718727504,0.9993439606811025,2000
36,1024,12,0.0007501705474163123,0.02873544642109173,0.37393013036471034,0.5348109990183338,7.600359926949594e-08,0.0,2000
37,1024,12,3.1426317627434917e-10,0.9999418468269451,0.9999989140449854,0.9999996765016473,0.9998933485081725,0.8079021259850925,2000
38,1024,12,1.5875731868199997e-09,0.999845759910755,0.9999933122266974,0.9999983324272789,0.9997426711320604,0.597665548228698,2000
39,1024,12,2.8764115166387207e-09,0.9838914726618108,0.9999942181034814,0.9999970539953978,0.9833010237072127,2.3603836956414595e-15,2000
40,1024,12,1.171550188836245e-08,0.744619559540909,0.9999707629427858,0.9999879416669016,0.7443744930677708,3.827948880208761e-257,2000
41,1024,12,7.920307385570781e-10,0.9997588408771079,0.9999981600698088,0.9999991883566007,0.9996337206672966,0.4806130229726597,2000
42,1024,12,9.617346226012265e-08,0.9924503321744634,0.9997223004134836,0.9999008178822884,0.9865076207765846,1.5881409959123068e-12,2000
43,1024,12,8.751222769357351e-08,0.9977000355595504,0.9997857666414716,0.9999045057513996,0.9916735955159182,5.463860022760236e-08,2000
44,1024,12,3.1237448290223386e-07,0.9440884322936557,0.9993682512401341,0.9996788939776075,0.9295938143256741,3.858783154971335e-64,2000
45,1024,12,5.1413825144458485e-14,0.9999996840264143,0.9999999998963689,0.9999999999473342,0.9999993809474121,0.9987626605775267,2000
46,1024,12,9.009122552567453e-10,0.9997165897128006,0.9999970671953882,0.9999990680530906,0.9995322119565815,0.3922738913460277,2000
47,1024,12,2.800893363618515e-09,0.9980742921378645,0.9999900810606844,0.9999970863612354,0.9978780269150291,0.014286284616271157,2000
48,1024,12,1.3548948846048563e-06,0.5335576961922328,0.9975310244643727,0.9984815152456623,0.5152455153482891,0.0,2000
49,1024,12,5.064456759839473e-07,0.7534733779031174,0.9993688184325723,0.9994795733649221,0.7364560732146159,1.966508807519685e-266,2000
50,1024,12,6.077027016485021e-06,0.2506062107919463,0.9907230144724388,0.9936585750716502,0.21650525750343041,0.0,2000
51,1024,12,2.8960124744715493e-10,0.9999787033805413,0.9999987802401431,0.9999997006643414,0.9999332326111809,0.874993137317706,2000
52,1024,12,2.130572727435504e-11,0.9999908602880933,0.9999998612040755,0.9999999767189791,0.9999881436745341,0.9765661475771684,2000
53,1024,12,1.1158149457598905e-07,0.9904193139861087,0.999798519679622,0.9998845609605062,0.9812379031634478,3.53697090853093e-17,2000
54,1024,12,2.504354905430759e-08,0.9969906223998092,0.9999209509900057,0.9999743548303139,0.9955397018487014,0.00013096899829396854,2000
55,1024,12,0.0002283308140338727,0.10230169754309452,0.744172622836166,0.7873211143475691,0.0010902789747532702,0.0,2000
56,1024,12,8.434921392476726e-07,0.8557316623024221,0.9985194815106647,0.9991139910279362,0.8192308556328746,6.49534978687662e-174,2000
57,1024,12,2.8775691827343474e-11,0.9997964532392511,0.9999999061014399,0.9999999685925897,0.9997935002106894,0.6616343436324146,2000
58,1024,12,9.411195349883705e-05,0.0969760024038274,0.8905998222963064,0.9102342346465653,0.013606786487893773,0.0,2000
59,1024,12,6.559514799162475e-10,0.9998758315924815,0.9999972704434301,0.9999993272051467,0.9998120478215079,0.6866437450405897,2000
60,1024,12,1.573529433983931e-08,0.9986200053926387,0.9999626298686823,0.9999836327577963,0.9966147080253059,0.0011339251500810774,2000
61,1024,12,1.0271025904979822e-05,0.46784530153389775,0.9836591637270403,0.9895626227252745,0.35477009227493433,0.0,2000
62,1024,12,3.464652435971726e-05,0.5043611326941082,0.9484938094218356,0.9652940413757752,0.1506462957292885,0.0,2000
63,1024,12,1.7865940165344866e-07,0.9635209105054704,0.9996997187136247,0.9998161577923397,0.9552210263381584,1.6134190224908403e-40,2000
64,1024,12,8.968616201341871e-12,0.9999892022389355,0.9999999623872164,0.9999999905416381,0.9999872398747655,0.9748024798356848,2000
65,1024,12,2.328174692653173e-09,0.9998798188488721,0.9999862244779576,0.9999975375543941,0.9996118596004799,0.46004475948507534,2000
66,1024,12,5.104927423848475e-06,0.8480504669182924,0.991080262026091,0.9947920488819965,0.7068424120211231,4.417742366822778e-302,2000
67,1024,12,1.3870222637812032e-11,0.9999902812729542,0.9999999434309208,0.9999999857144063,0.9999875752481406,0.9754565530018603,2000
68,1024,12,2.0243040554525705e-09,0.99931640936527,0.9999889516619167,0.9999979218088539,0.9991846836391085,0.19567545694134336,2000
69,1024,12,2.6056776582401465e-06,0.2250823661364445,0.9968303443513622,0.9973364836868747,0.21170481753378106,0.0,2000
70,1024,12,3.177295044729851e-08,0.9984818270538353,0.999840402455127,0.9999673131120249,0.9963977938866193,0.0007336933754173718,2000
71,1024,12,3.233064670731457e-06,0.753565530970789,0.9951350036065663,0.9965760315177521,0.6584352637661047,0.0,2000
72,1024,12,7.351380533927545e-09,0.9991400696339681,0.9999799274499741,0.9999923063961554,0.9980451261982949,0.01996900170153041,2000
73,1024,12,1.1215781639089837e-06,0.9810969276396434,0.9966785236025132,0.9988106862914244,0.9340505733467522,5.505321916909112e-60,2000
74,1024,12,2.3926902605672707e-08,0.998643732415531,0.9998994911284178,0.9999754748951637,0.9971649370182111,0.0034197809850030434,2000
75,1024,12,1.765048603460029e-05,0.846939485558391,0.9599012262660762,0.9803434512434188,0.4983305056930183,0.0,2000
76,1024,12,0.00018722829214518885,0.24060703147678442,0.7212266112204413,0.8331321883446562,0.0033997344747412816,0.0,2000
77,1024,12,2.059587319342711e-06,0.9406008991436352,0.9953388246353709,0.997865957328384,0.8703202486801266,2.2812646992503654e-121,2000
78,1024,12,1.1521571952275351e-08,0.9886309592298025,0.9999686528751944,0.9999881992647982,0.9879394307626858,2.888276633938357e-11,2000
79,1024,12,2.040906544314664e-06,0.22929196660979342,0.9963644701263803,0.9979025579071042,0.2197336754138757,0.0,2000
80,1024,12,8.707409494488373e-12,0.9999969379320452,0.9999999699365018,0.9999999879112231,0.9999947289537469,0.9895132531046446,2000
81,1024,12,1.0783253401168187e-08,0.9914976042530702,0.9999756924207073,0.9999889208958221,0.9907947837180531,9.277328615712064e-09,2000
82,1024,12,1.6697699268328238e-06,0.8714426227166079,0.9972497672973328,0.9982543482695935,0.8169379571926481,2.3886366842263623e-176,2000
83,1024,12,1.2661815375708693e-09,0.9996251079037854,0.9999972750473956,0.999998655018681,0.9993128783595876,0.25291150517446565,2000
84,1024,12,9.391491074889695e-05,0.31720831141087646,0.8544272927061881,0.9099691949457324,0.031763700500773456,0.0,2000
85,1024,12,1.6598342028817682e-11,0.9999145989149272,0.9999999678890643,0.999999982969893,0.999891768224566,0.8053524544005071,2000
86,1024,12,2.3752324332295014e-09,0.9996634057189983,0.9999901572911217,0.9999974513014118,0.9995190731077952,0.38209532895590786,2000
87,1024,12,1.7809253245300719e-06,0.9574729264722115,0.9976123066598663,0.9981725101095403,0.8688808748101269,8.326757016151264e-123,2000
88,1024,12,1.1797264350374717e-06,0.8949519007188109,0.9974164301181863,0.9987929688181483,0.85567489693347,4.145552541642575e-136,2000
89,1024,12,7.145990316026245e-11,0.9999939115024066,0.9999995918678277,0.9999999178847047,0.9999867058261808,0.9737618383617195,2000
90,1024,12,1.7617924476271022e-06,0.9669281952678302,0.996099823782891,0.9981979062903784,0.8888139550711247,4.1853279692356323e-103,2000
91,1024,12,1.640773669958467e-06,0.8394055555976124,0.9969086106290939,0.9983132490897512,0.766623261701895,1.458766867205529e-231,2000
92,1024,12,1.2365502065689263e-05,0.14680520117027787,0.9847785342189341,0.9874167849377457,0.11094437356431171,0.0,2000
93,1024,12,1.2287567638806832e-05,0.7745312078954,0.9748686378670486,0.9873703163601908,0.5351073636155455,0.0,2000
94,1024,12,8.041166316184401e-07,0.9853492513446434,0.9982208316287209,0.9991768009272091,0.9430551281386408,1.1862112310775456e-51,2000
95,1024,12,0.00032704213985239235,0.08471325506157329,0.6806187826021317,0.7353854736448693,0.00012535542862270065,0.0,2000
96,1024,12,4.0738821544830265e-13,0.9999999704226422,0.9999999944216048,0.9999999994898743,0.999999887571114,0.999775167494019,2000
97,1024,12,4.705580607461098e-09,0.8900843890668279,0.9999928996469883,0.9999951793528317,0.8898014840486488,3.857016482426046e-102,2000
98,1024,12,9.623686070946411e-05,0.3309881581389005,0.8517737602858264,0.908308708888213,0.03597930767768556,0.0,2000
99,1024,12,3.1258198170269987e-05,0.44402008195921466,0.9499405655408456,0.9687411569917312,0.19784019789981974,0.0,2000
